Comentario,Upvotes,Sentimiento,Puntaje Sentimiento
Pendejo,73,Neutral,0.0
No metas el pito en el enchufe,51,Negativo,-0.296
No te hagas pendejo y estudia cabr√≥n,43,Negativo,-0.296
Abraza y comparte m√°s tiempo con tu viejo.,37,Neutral,0.0
Deja Brawl stars,21,Neutral,0.0
No dejes ir a esa mujer que realmente te ama a pesar de tu mediocridad y aprende un oficio que te d√© a ganar el suficiente dinero para tener una vida digna como torno o soldadura o ser√°s un pendejo idiota fracasado,21,Negativo,-0.296
Deja de coger con mamas solteras üíÄ,18,Neutral,0.0
"Pendejo, a ver si ya te dejas de mamadas.",13,Neutral,0.0
"Mejora tus notas, empieza a estudiar programaci√≥n y no pienses en una pareja, ah√≥rrate los problemas que eso conlleva. Buenas suerte chico.",12,Negativo,-0.296
Compra bitcoin,24,Neutral,0.0
"Aprovecha y se feliz mientras puedas, todo empeora en el futuro.",8,Neutral,0.0
por favor no desperdicies tu tiempo en esa persona que no vale la pena y empieza a valorar a las que te rodean,7,Negativo,-0.1779
CTM,6,Neutral,0.0
"Agarra ese martillo..........y sera mejor que ""el"" quede peor que tu",5,Neutral,0.0
no te cortes las venas todavia te van a detener :v y a salvar,5,Negativo,-0.296
Deja de tragar,4,Neutral,0.0
"No seas tan rom√°ntico,te van a destrozar el coraz√≥n.",5,Negativo,-0.296
"Eres un gran pendejo... Estabas bien solo, pero noooooo, hay est√°s de :""yo si puedo"", ""con el amor basta""; pinche meco.",4,Positivo,0.6124
"Lo est√°s haciendo bien, ten paciencia, ahorra mucho, lo lograras",4,Neutral,0.0
"Gilipollas, te acaban de soltar una indirecta pa follar y ni te has enterado",5,Neutral,0.0
Que se joda el mundo golpea a esa ni√±a haz que valga la igualdad de g√©nero que tanto defiende jejeje,4,Neutral,0.0
"La del Oxxo SI te quiere coger, no seas meco",4,Negativo,-0.296
Deja de saltarte las clases de la uni.,3,Neutral,0.0
Trata mejor a tu mujer,3,Neutral,0.0
[xd](https://youtu.be/TSXEYaxGiag?si=uJvCj4vFPbosnoL_),3,Neutral,0.0
Haz dieta cabr√≥n que te vas a poner como un bicho bola!!! ü§£ü§£ü§£,3,Neutral,0.0
Nada mejora. Ya hazlo.,3,Neutral,0.0
"No te achantes cabr√≥n, haz cursos gratuitos y estudia electr√≥nica y tendr√°s chamba asegurada, no busques novia eso no sirve, naces solo te mueres solo",3,Negativo,-0.6808
"No renuncies a la chamba!!! Aprende a que lo que entra por un o√≠do debe salir por el otro, y no alegues. Te pagan por tus horas de trabajo y tchao. La Chamba no es lugar para hacer amigos. Salu2",3,Negativo,-0.7562
"No te esfuerces tanto, al final, a nadie le importa y hacerlo no te garantiza resultados ni seguridad en nada. Mejor invierte en ti.",3,Negativo,-0.5267
"Las cosas pasan por algo, pero tienes que aprender a amarte antes de saber amar a los dem√°s; tampoco existe el destino, nuestro subconsciente es quien maneja el """"destino"""", y aprender un poco de filosof√≠a y lee libros si es posible, pero no te hagas pendejo, que la belleza es aprender a saber c√≥mo funcionan las cosas y la belleza exterior es algo que se puede lograr natural o con productos.

Haz deporte y usa todo lo que tengas a tu alrededor y amar defectos es algo malo pero bueno y no seas conformista que odio a esa gente asquerosa, tampoco digo que te mates por imprudente,,üòÑüòÑüòÑüî•üòò‚õÑ‚õÑ",3,Negativo,-0.2263
M√©tete al turno de la tarde,3,Neutral,0.0
"Te felicito por haber entrado a la escuela de ingenier√≠a mec√°nica. Ya vendr√°n los resultados, solo estudia.",4,Neutral,0.0
No hables con M xd.,2,Positivo,0.3818
Sakat√∫n-kep√©n-ket√∫mun-kes√∫m,2,Neutral,0.0
pndejo >:V,2,Neutral,0.0
Put@ que pdj,2,Neutral,0.0
divorciate YA,2,Neutral,0.0
"No aceptes ese nuevo puesto en el trabajo, si, vas a ganar mucho m√°s dinero y vas a aprender muchas habilidades, pero vas a sacrificar toda tu vida personal y energ√≠a, vas a perder total contacto con tus amigos/familia y a no ser por algunos d√≠as muy aislados, vas a estar triste casi siempre, en resumen, quedate d√≥nde est√°s que no est√°s tan mal...",2,Negativo,-0.6808
"Vas a pensar que es buena idea, pero NO, BAJO NINGUNA CITCUNSTANCIA LO HAGAS",2,Negativo,-0.4466
Maldito gilipollas destrozaste todo te voy a matar \*Causa una paradoja temporal\*,2,Neutral,0.0
"No se como lo hiciste, pero gracias <3",2,Positivo,0.1779
¬øQu√© est√°s esperando? Salte de esa carrera,2,Neutral,0.0
"Quisiera saber la historia de todos, detr√°s de sus comentarios.

Pero ah√≠ va el mio...

Esta chido tener dinero, pero estas sacrificando tu tiempo libre y tu salud, adem√°s tu relaci√≥n no est√° fuerte como crees, ella es muy influenciable... Y eso te va a partir el coraz√≥n.",2,Negativo,-0.296
Algo,2,Neutral,0.0
Eres m√°s tonto que una puta mierda,2,Neutral,0.0
3 pajas al dia son pocas puedes hacerlo mejor,2,Neutral,0.0
le diria 'wey no dejes que las palabras de amor de tu madre padre e familia te hagan sentir buena persona por que tu familia realmente no te quiere solo te estan dando un trato humano recuerda tu vida es para la musica no para que te estes estresando con estipideces''.,2,Negativo,-0.1531
"Ella no lo vale, y de aqu√≠ en adelante ninguna lo valdr√°.",2,Negativo,-0.296
Fracasaste de una forma que nunca imaginaste que lo har√≠as.,2,Neutral,0.0
"Porfavor, no la conozcas, har√° tu vida una mrd.",2,Negativo,-0.296
Bien hecho cabr√≥n,2,Neutral,0.0
"Tu depression continuara de aqui a 3 a√±os, pero no tus enemigos",1,Negativo,-0.7096
Podr√°s olvidarla y pasaras momentos dif√≠ciles pero todo estar√° bien. Nunca pierdas tu bondad y humildad,1,Neutral,0.0
Shupas,1,Neutral,0.0
"Lleve papel higi√©nico, no se limpie con la mano",1,Negativo,-0.296
No toques tu 3ds ni dejes que la mun salga,1,Negativo,-0.296
Conseguimos el PC Gamer üòùüòù,1,Neutral,0.0
"Sigue as√≠, vas bien.",1,Neutral,0.0
"Nombres el de hace 3 estaba sobrellevando los efectos pandemicos...solo podr√≠a decirle.
""Segui as√≠, Duro HP vas bien, todo va a estar bien """,1,Neutral,0.0
sigue asi que vas a estar bien!,1,Neutral,0.0
"Enhorabuena, has decidido bien!",1,Neutral,0.0
Nada xd que se joda,1,Positivo,0.5859
"Cuando vayas a esa fiesta, llev√° forros....de nada",1,Positivo,0.4767
"Dejala, no te conviene.",1,Negativo,-0.296
"No era dirigido a vos, ellos todav√≠a te quieren y respetan. Te quieren ver riendo.",1,Negativo,-0.296
No persigas un doctorado no sirve para nada.,1,Negativo,-0.5267
Deja de fumar y ahorrar,1,Neutral,0.0
Idiota,1,Neutral,0.0
No dejes el deporte,1,Negativo,-0.296
"Enfocate en lo m√°s importante, alejate de las distracciones.",1,Neutral,0.0
No seas boludo y cogetela lpm que despu√©s se pone m√°s buena,1,Negativo,-0.296
Enhorabuena,1,Neutral,0.0
"Ponte verga, hijo de puta!",1,Neutral,0.0
no andes con esa mam√° soltera te va a destruir,1,Negativo,-0.296
"Cierralas, es por tu bien, no las mantengas y protegelas sin excepci√≥n.

Aprende data analysis y vete del pa√≠s",1,Negativo,-0.7003
Debiste aceptar la propuesta de Alejandro.,1,Neutral,0.0
No te enamores,1,Negativo,-0.296
"√Ånimo, faltan 3 a√±os",1,Neutral,0.0
"Que pendejo eres, tantos errores ya no ayo ni por donde  empezar a alludarte",1,Negativo,-0.296
Hazte una colonoscopia,1,Neutral,0.0
Cambia a tu nombre las cosas,1,Neutral,0.0
Vas a ser grande,1,Neutral,0.0
Vas a ser pap√° de un maravilloso hijo,1,Neutral,0.0
No le respondas el saludo y sigue con tu vida,1,Negativo,-0.296
"Pronto, todo va a mejorar (Disfruta a JP, no te volver√° a hablar)",1,Positivo,0.0857
Controla la paja,1,Neutral,0.0
Ahora sabemos cosas muchacho. Cosas...,1,Neutral,0.0
"Disfruta muy bien tu trabajo, porque luego entrar√°s a estudiar y ah√≠ s√≠ que vas a sufrir.",1,Neutral,0.0
"No compres la play5, va a bajar bien cabron en el 2024",1,Negativo,-0.296
Ahorra en dolares.,1,Neutral,0.0
Todo pasar√° y estar√°s mucho mejor,1,Neutral,0.0
"No te vas a ""Correr"" adentro ü§öüèª",1,Negativo,-0.296
"Deja el profesorado de ingl√©s, solo van a ser tres a√±os perdidos para estar en primer a√±o, mejor empieza otra cosa y busca trabajo.",1,Neutral,0.0
"Bastardo, sin gracia, d√©jate de hacerte el payaso, la est√°s lastimando",1,Negativo,-0.5574
Compra m√°s acciones!,1,Neutral,0.0
Puto si no inviertes en Bitcoins,1,Negativo,-0.296
Cambia la cerveza por ron,1,Neutral,0.0
no metas el pito ahi,1,Negativo,-0.296
Hazte la Kurt kobein,1,Neutral,0.0
"Pendejo, todo da√±as.",1,Neutral,0.0
"Paciencia, disciplina...",1,Neutral,0.0
Ponte las pilas puta madre,1,Neutral,0.0
Hubieras comprado bitcoin pinche bulto de mierda,1,Neutral,0.0
"En unos meses aparecer√° en tu vida una tipa que a primera vista, parece ser el amor de tu vida pero en realidad tiene TLP y te va a hacer mierda de todas las maneras habidas y por haber, al√©jate de ella y no cambies a Carol por ella, Carol jam√°s te har√≠a lo que la otra te har√°.",1,Positivo,0.4215
"Todo estar√° bien, lo superar√°s y ser√°s mejor",1,Neutral,0.0
No fumes crak,1,Negativo,-0.3182
"No va a cambiar, no pierdas m√°s tu tiempo ah√≠. Tampoco cambies el n√∫mero de tel√©fono porque le terminar√°s escribiendo vos misma. El corte lo ten√©s que hacer internamente. 
Siempre hac√© caso a lo que sent√≠s, si algo no te cierra, es por algo...
 Enfocate en vos y en tu vida.
 Se vienen cambios sorpresivos pero positivos. Al principio, te vas a poner mal porque trastocar√°n tu sensaci√≥n de seguridad, te movilizar√°n en todos tus aspectos pero luego entender√°s que fue para mejor. Adem√°s te demostrar√°n a vos misma, lo fuerte que eres y que podr√°s hacerle frente.
Empez√° el gimnasio, cu√≠date y querete.
Abrazo grande porque lo vas a necesitar!",1,Negativo,-0.7088
"Ponte el puto casco al manejar...sino vas a perder la poca cordura que te queda...y mira para todos lados, los hijueputas nuestros se meten por d√≥nde se les da la gana",1,Neutral,0.0
Renuncia a ese trabajo,1,Neutral,0.0
Sos un pelotudooooooooo,1,Neutral,0.0
"Desinstala el fnf, retrasado mental (ese juego arruin√≥ mi vida)",1,Neutral,0.0
"jaja pinche pendejo, no te unas al r/maau en un futuro",1,Negativo,-0.296
Vas a sufrir mucho,1,Neutral,0.0
Compra Bitcoin we. Que con √©so ya nos llega para la 3090.,1,Neutral,0.0
"Insistele a tu padre que pasen m√°s tiempo con tu abuelo y menos con la familia de mi madrastra. Ademas, ponte a pensar que vas estudiar seriamente y prep√°rate para la Paes porque t√∫ colegio no lo va hacer",1,Negativo,-0.296
No la dejes ir,1,Negativo,-0.296
"Mantente en el gym, me lo agradeceras",1,Neutral,0.0
Vas a ir m√°s all√° de los sue√±os... conf√≠a ‚ú®,1,Neutral,0.0
"A m√≠ yo de hace exactamente 3 a√±os (5 de abril de 2022 a las 13:00) no le dir√≠a nada, que todo prosiga, pero espero que llegue r√°pido hasta el 17 noviembre de 2022, ah√≠ te van a entender, va a ser lo mejor de tu vida y te va acompa√±ar por el resto de la misma, Santiago de hace 3 a√±os",1,Negativo,-0.296
No pierdas el tiempo,1,Negativo,-0.296
LOS TERREENOSS,1,Neutral,0.0
No tengas depresi√≥n,1,Negativo,-0.296
Que pase a pagar la coppel,1,Neutral,0.0
Vales verga,1,Neutral,0.0
y mi meme? donde esta mi meme?,1,Neutral,0.0
Compra dolares,1,Neutral,0.0
√ÅNIMO... NADA ES PARA SIEMPRE!!!,1,Neutral,0.0
no vayas a esa fiesta,1,Positivo,0.2263
"Se va a poner peor, pero es lo que hay. Se consistente con las rutinas y reza para calmar la ansiedad.",1,Neutral,0.0
El volumen total de series semanales por grupo muscular es por lejos el factor m√°s importante para la hipertrofia,1,Neutral,0.0
M√°tate,1,Neutral,0.0
"Acepta clases de acrobacia en lugar de ingl√©s 
O por lo menos busca aprender dicho idioma en otro lugar que no sea en el que estoy ahora...",1,Negativo,-0.296
Sal de ah√≠,1,Neutral,0.0
Probablemente me daria un pu√±etazo,1,Neutral,0.0
Aaaaaaa iiii eee aaa eeeeeee aa ooooooooo,1,Neutral,0.0
La universidad es para hacer contactos y salir con gente,1,Neutral,0.0
"Tus pap√°s te quieren a su manera, siempre querr√°n lo mejor para ti.",1,Neutral,0.0
Empieza a usar Wondershare filmora,1,Neutral,0.0
"Agarrate. Te va a ir de la verga. Pero bien hecho, campe√≥n",1,Neutral,0.0
"No dejes la U, si es pesado mantener el trabajo y la U al tiempo, pero el tiempo seguir√° pasando y es mejor que pasen los a√±os y obtengas el t√≠tulo a que pasen los a√±os y sigas en un puto Call center.",1,Negativo,-0.296
Eres un pendejo. Deja de llorar por ella.,1,Neutral,0.0
Aprende a valorarte m√°s. Entraras en la universidad y te partir√°n el coraz√≥n.,1,Neutral,0.0
"Algunas cosas se ponen peor, algunas cosas se ponen mejor, estar√°s bien.",1,Neutral,0.0
Compra bitcoin y no preguntes por tu ex,1,Negativo,-0.296
"No dejes que nadie te haga da√±o por que vas a acabar en un mundo en el que no quieres estar, val√≥rate y piensa en ti, todo llega en el debido momento tanto lo bueno como lo malo.",1,Negativo,-0.5267
Que no se desespere que no tome decisiones por querer buscar dinero r√°pido todo a su tiempo!,1,Negativo,-0.5707
Hola,1,Neutral,0.0
No les tomes en serio a las minitas de la U,1,Negativo,-0.296
Aprende a defenderte,1,Neutral,0.0
No lo hagas Goku...!!!,1,Negativo,-0.4724
Me debes 20 dolares,1,Neutral,0.0
Bueno ya viste las üö©üö©üö©üö©ahora l√°rgate... Aqu√≠ sigo... üòíüòíüòí,1,Neutral,0.0
No desesperes ya vendr√°n mejores tiempos solo ten paciencia üí™,1,Negativo,-0.296
Por all√° queda el circo,1,Neutral,0.0
Apost√° todos tus ahorros a que gana Argentina en el mundial XD,1,Positivo,0.6739
"Valora a esos panas, te vas a cambiar de escuela √©ste a√±o. Espera, ya sabes? Supongo que no era la √©poca correcta para decirte √©sto entonces. Bye. Por cierto, Deltarune 3 y 4 sale en 3 a√±os en el direct de la switch 2 que sale el mismo d√≠a üëç",1,Negativo,-0.296
"Haz m√°s ejercicio, idiota",1,Neutral,0.0
La comida va aqu√≠,1,Neutral,0.0
"""te hablan all√°""",1,Neutral,0.0
"h√°zlo sin importar el que, hazlo nojoda est√∫pida!! hazlo yaaa..",1,Negativo,-0.6351
Deja la falopa,1,Neutral,0.0
Todo va a estar excelente,1,Neutral,0.0
"Busca c√≥mo madurar y dejar de ser un imb√©cil y perezoso, que el universo no gira en torno a ti.",1,Negativo,-0.296
Gilipollas,1,Neutral,0.0
¬°Lo logramos! Tenemos el trabajo quer√≠amos desde hace a√±os,1,Neutral,0.0
Vales verga we,1,Neutral,0.0
Don't stick your dick in crazy,1,Positivo,0.0777
"No te endeudes solo por obtener lo que quieres lo mas rapido posible , ten paciencia y ahorra  para asi no tener mucha preocupacion en caso que llegues a incapacitarte con alguna enfermedad",1,Negativo,-0.5267
Yas vas bienüòéüëå,1,Neutral,0.0
Si lo vas a lograr.. No aflojes!,1,Negativo,-0.3595
S√© fuerte,1,Neutral,0.0
Inverti en pokemon tcg,1,Neutral,0.0
"Nada , que aprenda solo el boludo.

Y que chupa m√°s pijas.",1,Neutral,0.0
Cierra el hocico,1,Neutral,0.0
La ni√±a que tanto deseaste tener de hija te espera,1,Neutral,0.0
"Nunca entregues la fotocopia de tu documento de identidad en el trabajo, h√°blale que ella te va a decir que si pero ten paciencia, abraza a tu amigo que pronto se ir√° a Jap√≥n y no inscribas materia con esa vieja pelo rubio.",1,Negativo,-0.296
Alejate de Sarai busca un empleo nuevo,1,Neutral,0.0
No te metas en biotecnol√≥gicas,1,Negativo,-0.296
"√Ånimo, nada est√° perdido hijo de puta",1,Neutral,0.0
Ahorra cada peso ‚öñÔ∏è,1,Neutral,0.0
Vales verg4 cabr0n,1,Neutral,0.0
Compra bitcoins la concha de la lora no la dudes...!!!,1,Negativo,-0.4724
Retira el ETH que tienes en coinbase üòÇ,1,Neutral,0.0
No lo hagas...,1,Negativo,-0.296
Ponete las pilas q vas a terminar preso...,1,Neutral,0.0
No has aprendido,1,Negativo,-0.296
No te hagas wey,1,Negativo,-0.296
"Nunca cambies a tu pr√≥xima amistad, de esas hay muy pocas...",1,Neutral,0.0
"Ni te imaginas a donde iremos este a√±o, alegrate cabron y √©chale un chingo de ganas.",1,Neutral,0.0
NO VALLAS A FALMS IA!!!!!!!!!!!,1,Negativo,-0.5216
Aprovecha el tiempo mmvrg,1,Neutral,0.0
Lo est√°s logrando,1,Neutral,0.0
No vas a estudiar esa pendejada. 7-7,1,Negativo,-0.296
"No te conf√≠es we, que no hayas hecho ni madres en primaria no quiere decir que es la secundaria sea igual pendejo",1,Negativo,-0.6808
"Revisate esa √∫lcera, no es indigesti√≥n",1,Negativo,-0.296
"Tus esfuerzos y sacrificios no fueron en desperdicio. Lograste el objetivo que m√°s te importaba, sos el orgullo de toda tu gente,.",1,Negativo,-0.296
Piensa con la cabeza de arriba,1,Neutral,0.0
Matate no vale la pena üê¶,1,Negativo,-0.296
No c,1,Negativo,-0.296
"Cr√©eme, se puede poner peor que ahora, pero igual lo resistiremos",1,Neutral,0.0
Cojudo no pierdas tiempo en la tesis! ...... Nadie va a leer tu proyecto m√°s q tu asesor.,1,Negativo,-0.3595
Vuelve x favor ü´¢ü´∂,1,Positivo,0.4019
‚ÄúNo seas pendejo wey‚Äù,1,Neutral,0.0
SE VA A PONER BIEN FEO LA COSA PERO TODO VA A SALIR BIEN. TAMBI√âN ADELANTA TUS PAPELEOS.,1,Neutral,0.0
Apoco s√≥lo por eso ya vas a chillar?,1,Neutral,0.0
Vete a Espa√±a,1,Neutral,0.0
Todo al rojo ü•∏,1,Neutral,0.0
"No te pongas pendejo  y busca trabajo desde ya que a√∫n est√°s a tiempo, que las empresas siempre van a pensar que un reci√©n graduado tiene 8 a√±os de experiencia cuando apenas est√°s buscando tu primer trabajo",1,Negativo,-0.296
Pr√©stame 10 baros we,1,Neutral,0.0
No te tomes la vida tan en serio,1,Negativo,-0.296
Alejarte de esta puta que se llama M T Q y sigues a tomar mucho drxgux esta bien asi,1,Neutral,0.0
apuesta la casa a qu√© alianza elimina a boca en la libertadores,1,Neutral,0.0
"Se te va tu viejo, abrazalo por m√°s tiempo.",1,Neutral,0.0
"no me sirve 
si fuera mi yo de hace 5 si",1,Negativo,-0.296
In√∫til bueno para nada inservible par√°sito inmundo   est√∫pido,1,Neutral,0.0
Por Dios no la vuelvas a cagar denuevo.....,1,Negativo,-0.296
"No te enamores de esa ni√±a de 14 a√±os ni la enamores, se van a lastimar bien mach√≠n emocionalmente",1,Negativo,-0.296
Cierra bien las ventanas y pon raidolitos en la noche en temporada de mosquitos o te va a dar dengue,1,Neutral,0.0
pito de gallina,1,Neutral,0.0
"No estamos locas, el dolor es real porque tienes una fuerte deficiencia de vitamina D",1,Negativo,-0.296
No seas flojo y termina la universidad,1,Negativo,-0.296
"TE ODIO CABRON, CAGALA Y DEL PUTAZO QUE TE VOY A DAR TU TE VAS A MORIR Y YO TAMBIEN POR LA ONDA SONICA Y POR LA ALTERACION AL ESPACIO TIEMPO",1,Neutral,0.0
No le pidas prestado a coppel corre sin mirar atr√°s... üê¢üö¨,1,Negativo,-0.7003
"El a√±o que entra empiezas a salir delnoedi, es el bueno",1,Neutral,0.0
"No aprendiste ni caca, cuando cre√≠ste que si!ü§¨üò†",1,Negativo,-0.3595
"Si ya detectaste las Red Flags, NO SIGAS! POR ALGO EST√ÅN AHI. Idiota!",1,Negativo,-0.5449
Comienza a hacer calistenia y no desperdiciestu tiempo y dinero en Alessandra,1,Negativo,-0.296
Ya deja la putas drogas,1,Neutral,0.0
Tu polla te va a llevar a sitios a los que no ir√≠as con un rifle ü´Çüôè,1,Negativo,-0.296
Compra d√≥lares..,1,Neutral,0.0
Compra BABA,1,Neutral,0.0
Crea Of ü§£,1,Neutral,0.0
Pase lo que pase confia en el rojo antes que en el negro,1,Neutral,0.0
¬°Eres un idiota!,1,Neutral,0.0
Rutina de ejercicios HAZLO,1,Neutral,0.0
Sigue poniendolo,1,Neutral,0.0
"Ve al RETINOLOGO ya mismo, que te revise el ojo izquierdo a detalle, con radiograf√≠a y sesi√≥n l√°ser, sale cara la operaci√≥n de DESPRENDIMIENTO DE RETINA, y el IMSS te va decir que te programara hasta dentro de un mes (puedes quedar ciego).",1,Neutral,0.0
No dejes de hacer ejercicio,1,Negativo,-0.296
Por qu√© no te hiciste fan de Miku?! Pendeja,1,Positivo,0.1007
Qguapo,1,Neutral,0.0
No le acabes dentro de tu cu√±ada,1,Negativo,-0.296
Esa pinche vieja no pendejo!!!!,1,Negativo,-0.5216
No eres especial,1,Negativo,-0.296
(La marca de quemadura que tengo y no se si se me va a ir): descongela bien la mortadela antes de aserla.,1,Negativo,-0.296
"No le creas a ese wey del bloxfruits, el no te dara una kitsune por una mamut perma, no se la vayas a comprar desde la tienda tampoco",1,Negativo,-0.6808
No le tomes importancia a los trolles de Internet y vive tu vida,1,Negativo,-0.296
No te cases!!,1,Negativo,-0.4184
NO LO HAGAS,1,Negativo,-0.296
Le dir√≠a que ya no descargue virusüòî,1,Negativo,-0.296
"""Eres bipolar, hazte la vida m√°s f√°cil y busca ayuda ya""",1,Neutral,0.0
Ve buscando otro jale ahorita q puedes.,1,Neutral,0.0
"Vamos, tu puedes solo tomate un breve descanso.. No te mates asi",1,Negativo,-0.296
"No te esfuerces en tus juegos, porque te los van a borrar",1,Negativo,-0.296
P√≥ngase a Chambear,1,Neutral,0.0
Todo es parte del destino,1,Neutral,0.0
"La vida te va a recordar lo duro que eres porque andas muy c√≥modo, ag√°rrate verga porque te vas a ""divertir ""despu√©s de que se muera tu papa",1,Neutral,0.0
Entrena m√°s.,1,Neutral,0.0
"Disfruta, que dentro de 3 a√±os vas a estar peor.

Ahora en serio. Que creen que les dir√≠a su yo del 2028?. Van a seguir arrepinti√©ndose en el futuro o comienzan a mover un poquito las nalgas ahora?.",1,Neutral,0.0
"No te vayas por el lado del sol, te pondras prieto como peruano",1,Negativo,-0.296
Ella se va a morir de todas formas. H√°blale.,1,Neutral,0.0
"Disfruta estos momentos lo m√°ximo posible no te hagas preocupaciones por cosas que no tienen sentido solamente disfruta todas las cosas, tambi√©n tene cuidado con las personas porque algunas est√°n disfrazadas de personas buenas cuando no lo son y otra cosa, yo s√© que podr√°s lograr muchas cosas que te propongas.",1,Negativo,-0.6808
No te cases con ella.,1,Negativo,-0.296
Lo estas haciendo bien üëç üòå te amo,1,Neutral,0.0
Deja de drogarte pendejo,1,Neutral,0.0
Ser√≠a mejor al de 5 a√±os atr√°s ü§£,1,Neutral,0.0
Busca trabajo de lo que sea y no te pongas de est√∫pido cuando busques pareja.,1,Negativo,-0.296
"¬øA nadie se le ocurri√≥ decirle los n√∫meros de la loter√≠a o recitarle el almanaque deportivo?
Mejor, m√°s para mi.",1,Neutral,0.0
"cr√©eme we, te van a gustar las mujeres",1,Neutral,0.0
No le tengas piedad a nadie.,1,Negativo,-0.296
"No veas el celular mientras andas corriendo, vas a tropezarte. Ah espera, dijiste 3 a√±os, no 3 semanas.",1,Negativo,-0.5267
Preparate que te va a cargar la chngda en 3 anios.,1,Neutral,0.0
Estudia lo que te apasiona,1,Neutral,0.0
"Qu√© siga adelante ,que va bien, los tiempos dif√≠ciles no son para siempre üí™",1,Negativo,-0.296
ah√≠ no es no seas pendejx,1,Negativo,-0.5267
"Conf√≠a, cree y adelante!",1,Neutral,0.0
"Lo logramos, solos pero lo logramos",1,Neutral,0.0
Pedazo de boludo deja de subir tiktoks de virgen y empeza a presentar atenci√≥n a las indirectas,1,Neutral,0.0
No estas solo te tienes a ti mismo y es todo lo que necesitas.,1,Negativo,-0.296
"Le digo que ""Debiste hacerte cagar m√°s""",1,Neutral,0.0
No dejes de intentarlo y conc√©ntrate en lo que importa.,1,Negativo,-0.296
"Pinche pendejo, piensa con la cabeza, no con la cabeza de abajo, x huevon perdimos nuestro sue√±o. IDIOTA, no existe el momento perfecto, solo hazlo, esto no es lo peor que nos puede pasar.",1,Negativo,-0.5106
"Merequetengue! 

Y me voy corriendo",1,Neutral,0.0
"Protege a tu mejor amiga de aquel que consideras un amigo, hacerle una cortada con un cutter a otro amigo por ""accidente"" no es normal, haz lo posible por alejarlo ya que el se dedicar√° a separarte de tus amigos y a lastimar a tu amiga gravemente

Y ded√≠cate a repasar a√∫n m√°s √°lgebra",1,Negativo,-0.296
Ella te va a destruir de tantas formas que cuando termines de reconstruirte ser√°s alguien completamente distinto,1,Neutral,0.0
"Deja de pensar en ella, ya no volver√°, ac√©ptalo y sigue entrenando",1,Negativo,-0.296
Ponte preservativo pendejo,1,Neutral,0.0
C√°mbiate de carrera. En esa que estas solo estas perdiendo el tiempo,1,Neutral,0.0
"No confie en nadie, busque en su ciudad y recuerde que la pobrecita que lo ignoro la cambiaron por una vende cucherias,asi que perdio mas ella que usted",1,Negativo,-0.296
"no pierdas tiempo, ahorra e invierte, perdona, vive, disfruta, ama eso de que que importa todo si moriras, elije vivir feliz que vivir sufriendo todos los dias",1,Negativo,-0.296
"Pero si seras pelotudo.
Toma mejores decisiones y cogete a tu mejor amiga antes de no volverla a ver.",1,Negativo,-0.296
"Estudia no seas cojudo, disfruta tu vida escolar porque no va a volver y deja de perder el tiempo viendo anime.",1,Negativo,-0.5267
Eres un puto imb√©cil de mierda,1,Neutral,0.0
"Vete de ah√≠, no vas a avanzar en nada. L√°rgate! Ten un poco de amor propio",1,Positivo,0.4753
Dile que no a tu amiga. Instala reddit. Esfu√©rzate por la que vas a conocer de ah√≠.,1,Negativo,-0.296
No te salgas del colegio imb√©cil despu√©s te vas a arrepentir y deja de ser un maldito egoc√©ntrico y pedile perd√≥n a la chica que te gusta pero fingis que no,1,Negativo,-0.5267
No dejes el futbol y deja de ser un huev√≥n de mierda.,1,Negativo,-0.296
"Ya vete a tu casa 
Mejor busca tranquilidad",1,Neutral,0.0
"No habr√°s la puerta, no es la pizza !!!!!",1,Negativo,-0.6776
No compres la f150 2005 5.4 L trit√≥n solo sacar√° todo tu dinero y no vale la pena,1,Negativo,-0.5267
Vive la vida al m√°ximo,1,Neutral,0.0
"Le dir√≠a 3 cosas:

1: Deja de esperar que x te quiera para algo bien, solo te est√° usando.

2: contesta m√°s ese tel√©fono o ponle saldo para hacer llamadas.

3: grabala y t√≥male fotos hasta el hartazgo, te har√°n falta.",1,Neutral,0.0
"Querete un poco, pibe.",1,Neutral,0.0
eres bien gay cabron,1,Neutral,0.0
manejale manejale! mira pa adelante aweonao cristian!,1,Neutral,0.0
"""Afloj√° con el escabio y gastate la guita en faso mas vale. Hijo de puta!""",1,Neutral,0.0
Estudia y dejate de hacer wey aunque honestamente no lo har√≠a conoci a una chica maravillosa gracias a mis fracasos,1,Negativo,-0.296
"Conocer√°s a alguien muy especial a los 18, pero no beses a ese chico.

Tal vez hoy ser√≠an amigos y no desconocidos üíî",1,Negativo,-0.5267
"No desperdicies tu vida, insist√≠ en lo que realmente queres y hacelo ya.",1,Negativo,-0.296
M√©tele al casino no a las apuestas deportivas,1,Negativo,-0.296
"Paciencia,  20min al dia",1,Neutral,0.0
Dejalo y estudia.,1,Neutral,0.0
"Estudia, y no veas nopor de femboys todo el d√≠a (okno)



En realidad, ser√≠a esto: Se que la pandemia te jodi√≥ la adolescencia, haciendo que te sientas m√°s solo de lo normal, pero aprovecha que tienes internet para aprender nuevas cosas y tambi√©n para desarrollar habilidades y conocer gente. 
No dejes que los malos pensamientos y las dudas saboteen tu autoestima, a la larga esto te perjudicar√° mucho. Trata de descansar, de beber agua, de hacer ejercicio, de comer sano y de mantener el entusiasmo por la vida.

Y no te enamores de e-girls, dejan evento can√≥nico (afortunadamente no entable relaci√≥n con una).",1,Negativo,-0.7783
"Tu vida mejorar√°, no todo lo malo es para siempre, una d√≠a saldr√°s de ese hoyo en el que estabas",1,Negativo,-0.296
M√°tate.,1,Neutral,0.0
"Estudia wey, te metiste en 8 extraordinarios",1,Neutral,0.0
Todo va a mejorar no te rindas y aprende de tus errores.,1,Negativo,-0.296
Deja la paja,1,Neutral,0.0
"Esta bien si te equivocas, es parte del aprendizaje de la vida, ¬°√°nimo!",1,Neutral,0.0
No te destruyas no pruebes las drogas üòï,1,Negativo,-0.5267
Lo logramos,1,Neutral,0.0
No compres el Sonic Origins plus ü´©ü•¥ü•¥,1,Negativo,-0.296
Divi√©rtete,1,Neutral,0.0
NO,1,Negativo,-0.296
Borra Reddit,1,Neutral,0.0
Ser√° dif√≠cil,1,Neutral,0.0
Kys,1,Neutral,0.0
"No dudes tanto, y no temas al fracaso. 
No seas tan ""bueno"", aveces un poco de malicia es necesaria para poder conseguir aquello que quieres. Olvidate un rato de ""hacer lo correcto"" porque al final del d√≠a a nadie le importar√° tanto si lo haces o no, la gente no esta tan pendiente de ti como esperar√≠an, ni valora demasiado esos mismos c√≥digos morales que tu si. Se un bastardo qlo que va y toma lo que quiere s√≠ se puede.
Mientras ese algo no cause da√±o a otros, o a ti mismo, no sientas culpa. No eres malo. 

Y lo m√°s importante; haz aquello que deseas. El arrepentimiento es como una puta maldici√≥n, te perseguir√° por A√ëOS, as√≠ que solo ve y toma lo que quieres. Por √∫ltimo te decepcionas al final, pero al menos lo hiciste.

Y se directo, dile a esa pendeja todo lo que piensas realmente. Le va a doler, la har√°s llorar, pero podr√≠as salvarla de cometer un error que la conden√© por a√±os. Y de pas√≥ liberarte de un peso emocional que no mereces cargar. Se cabron, porque con gente as√≠ no hay otra opci√≥n.",1,Negativo,-0.9623
Compra Bitcoin y no vendas hasta diciembre de 2024.,1,Negativo,-0.296
Deja de gastar a lo pendejo y prep√°rate para tiempos dif√≠ciles,1,Neutral,0.0
Idiota ese est√∫pido no te merece!,1,Negativo,-0.3595
Toma decisiones que no lastimen a la gente y otorga el respeto que se merece la otra persona,1,Negativo,-0.296
"Distraerte m√°s,eviataras muchos problemas mentales",1,Neutral,0.0
Por t√∫ culpa se me olvid√≥ dividir üò†,1,Neutral,0.0
Nunca te cases con √©se gilipichisüò§,1,Neutral,0.0
Le dir√≠a que disfrute lo m√°s que pueda y que cuando cumpla 17 tenga novia,1,Neutral,0.0
Abraza y pasa tiempo con tus padres antes de que sea demasiado tarde. Las cosas que damos por sentadas son las que m√°s extra√±amos cuando nos hacen falta,1,Neutral,0.0
"Matate lol
Nah mentira le diria que estudie el naco y que no tenga sus problemas de ira",1,Positivo,0.0516
"¬øRecuerdas a tu (nuestro) mejor amigo? Todos esos buenos momentos; como esas noches hablando hasta la madrugada, los viajes, las comidas, etc. Y los malos momentos como cuando le diste un gran apoyo cuando tuvo ideas suic1d@s o las veces que lo acompa√±aste a buscar casa porque su pap√° lo hab√≠a hechado a la calle.

Pues te va a cortar de su vida de jal√≥n porque prefiri√≥ a la vieja t√≥xica.",1,Neutral,0.0
Descarga el √∫ltimo buen juego de la play store üòî,1,Positivo,0.34
No trabajes tanto,1,Negativo,-0.296
Los austr√≠acos te van a joder.,1,Neutral,0.0
"Hubieras escogido primero una buena carrera pero tambi√©n hubieras dejado esa relaci√≥n que ya no te sumaba, probablemente antes si pero como fue amor a distancia, no se sent√≠a lo mismo.",1,Positivo,0.1531
Ya viste que no es tan dif√≠cil hacer las cosas a tiempo y como se debe?!,1,Negativo,-0.3595
Se mas independiente y nunca vayas a espa√±a,1,Neutral,0.0
Es demasiado tarde...,1,Neutral,0.0
Sep√°rate .,1,Neutral,0.0
"No te acomodes, Dios tiene un plan del lugar que escapaste",1,Negativo,-0.296
Ahorra e invierte el doble,1,Neutral,0.0
Nunca le hables a esa perra,1,Neutral,0.0
Dej√° al pelotudo ese.,1,Neutral,0.0
"Ah√≠ no es!! 
Ya d√©jalo ir o te vas a lastimar m√°s.",1,Negativo,-0.4184
Que Las Mujeres No Te Valoran Solo Amar√© Tu Ve Por El Mundo Haz Tus Canciones Sal A Pasear En La Naturaleza Lo Amaras,1,Negativo,-0.296
Continua lo que empezaste... no lo sueltes..,1,Negativo,-0.296
"En el momento que juegues en el c√≠rculo de la lujuria en Dante's Inferno, b√°jale el volumen xd",1,Positivo,0.5859
"Deja de ser pendeja, com√©telo.",1,Neutral,0.0
Estudia mierda,1,Neutral,0.0
Jaja disfruta la pandemia idiota,1,Neutral,0.0
Compra todas las acciones de Nvidia que puedas!!!!,1,Neutral,0.0
Abandona a esa mujer ella ya no te ama y t√∫ ni cuenta te has dado.,1,Negativo,-0.296
Haz las cosas a tiempo y nunca dejes que te pasen a llevar.,1,Neutral,0.0
"Argentina vs Arabia, todo tus ahorros a los Jeques",1,Neutral,0.0
"Tas todo meco pero no te awites, eso no es impedimento para lograr lo que quieres",1,Negativo,-0.5267
Prep√°rate mejor porque te ir√° demasiado bien,1,Neutral,0.0
"""¬øCuando vas a entender que no puedes confiar en nadie?""",1,Negativo,-0.296
Esa no era manzanita!!!,1,Negativo,-0.4724
"Hace mucho tiempo que est√°s perdido, regresa a Cristo. √âl te ama, no se cansa de tus debilidades. Vuelve a √âl. No hagas el mal. No mientas, no finjas, no hieras a nadie. Ama a Dios y todo estar√° bien.",1,Negativo,-0.8402
Salta,1,Neutral,0.0
No trates mal a ninguna mujer por mas da√±o que te allan hecho.........,1,Negativo,-0.296
Fingiria no verlo para no cambiar nada m√°s bien me gustar√≠a hablar con m√≠ yo de hace 5 d√≠as,1,Negativo,-0.5267
No veas porno,1,Negativo,-0.296
TODO ES MENTAL,1,Neutral,0.0
"No prestes dinero bajo ninguna circunstancia, esos $18000 nunca los vas a recuperar.",1,Negativo,-0.296
Te hecharan de la universidad si no te pones las pilas,1,Negativo,-0.296
"""Plazo fijo y fondos mutuos. Y cuando Trump regrese el 2025 (s√≠, lo s√©) invierte en su criptomoneda y ret√≠rate pronto antes que √©l desfalque a su propia gente haciendo lo mismo"".",1,Neutral,0.0
No cuides a esas sobrinas ingrata ya despu√©s ten van a maltratar muy feo,1,Negativo,-0.296
"Hazle la barba a los inteligentes de la clase, en el futuro ver√°s los resultados.",1,Neutral,0.0
"no seas pendejo , enf√≥cate en tus prioridades, cumple tus sue√±os a toda costa, aprende a decir que no te evitar√°s muchos problemas a futuro , no prestes dinero y  no hagas ninguna cosa si no piensas terminarla y si la vas hacer hazla de la mejor manera, todas las mujeres mienten todas se victimizan cuando la cagan para salirse con la suya no caigas en la manipulaci√≥n, no desesperes en buscar una mujer ideal  llegar√° la indicada y no toda la familia es buena si debes alejarte de ellas no lo dudes evitar√°s decepci√≥nes.",1,Negativo,-0.9081
C√°llate pendejo,1,Neutral,0.0
Coje todo lo que puedas...,1,Neutral,0.0
"Piensa bien lo que est√°s haciendo ,$_&+#@@##!!¬•¬¢¬£¬Æ !!!",1,Neutral,0.0
"Tranquilo lo viejo no es necesario meterte con 60 al mes, b√°jale",1,Negativo,-0.296
Estudia,1,Neutral,0.0
"Ahorra, comprate un terrenito, construye tu casita y haz ejercicios...",1,Neutral,0.0
"Cuidado , en tres a√±os alguien publicar√° que te diga al a vos ahora pero dentro de tres a√±os.",1,Neutral,0.0
Junta m√°s dinero ü´∞,1,Neutral,0.0
Este es tu prime no dejes que caiga porque no te podr√°s levantar,1,Negativo,-0.5267
"No eres el culpable de los problemas de los dem√°s. No cargas con la responsabilidad de todo lo que pasa a tu alrededor. No eres el centro del universo, y este mismo no te debe nada. No existen se√±ales m√°gicas que te digan cu√°ndo actuar o qu√© hacer. El √∫nico que puede tomar las riendas de tu vida eres t√∫.

Tu futuro depende de ti, de tus decisiones, de tu coraje para levantarte y avanzar. No temas, incluso en medio del caos, todo puede mejorar. Atr√©vete a dar ese paso, respira profundo, y recuerda que seguir adelante es un acto de valent√≠a.",1,Negativo,-0.8807
"No te gast√©s todo el dinero que tienes en un juego, despu√©s ser√°s baneado sin ning√∫na raz√≥n!",1,Negativo,-0.7263
Sos un pendejx,1,Neutral,0.0
se viene pesaito papito sjjsjsj,1,Neutral,0.0
"We, juega ultrakill",1,Neutral,0.0
"Hola Jeremy, veo que te sientes bien, todo parecer ir con un rumbo normal hasta ahora, no te preocupa demasiado el futuro y cada d√≠a vives pensando en mejorar, se te quiero dar un consejo, vive, vive y deja vivir, disfruta de las cosas simples de la vida y aprovecha cuando puedes pues dentro de unos a√±os solo quedar√°n los buenos momentos, los malos se olvidar√°n, te lo prometo, te van a herir y trendras que sanar pero tranquilo, es parte del proceso, cada d√≠a ser√°s m√°s fuerte y aprender√°s a mejorar tu yo. te amo.
Adi√≥s.",1,Negativo,-0.296
"Vuelve a ir a Terapia la necesitas, trabaja en tus inseguridades y traumas, no des por sentado las cosas buenas que tienes y menos a tu pareja.",1,Negativo,-0.6597
"No lo haga compa, ah√≠ no es",1,Negativo,-0.5267
"Ahorra hijo de tu puta madre, ese trabajo que te caga en el que te sientes de la verga si esta bien pagado, no te salgas mejor roba 300 diarios que no seran ni notados",1,Negativo,-0.5267
Ya no sigas jugando porque te vas endeudar como no tienes ni idea y ahora no tienes ni paz ni tranquilidad üòì,1,Negativo,-0.6808
"Alejate de los que son tus ""amigos"" por tu bien",1,Neutral,0.0
"S√© que esa no es la universidad que quieres pero entra, no tiene que ser la carrera que quieres, puede ser una segunda opci√≥n ingresa por esa carrera y empieza, el tiempo apremia.",1,Negativo,-0.5267
No te enamores penjedo!,1,Negativo,-0.3595
"Jam√°s permitas que un trabajo te robe tu tiempo 
Has m√∫sica Porfavor",1,Neutral,0.0
Deja de ser pendejo y ponte a trabajar,1,Neutral,0.0
Vas bien üëçüòÇ,1,Neutral,0.0
No invertir en la mina,1,Negativo,-0.296
Confia en ti tu puedes,1,Neutral,0.0
"Entrega esos papeles para el Colegio del aire, no te puedo explicar lo hermoso que es ver todo desde arriba",1,Negativo,-0.296
"Alejate de ella. Hasta tu mismo te lo dec√≠as por las noches, ella no te quiere como t√∫, alejate, no la necesitas, alejate.",1,Negativo,-0.5267
Nada a cambiado,1,Neutral,0.0
"Lograste el sue√±o que anhelaste..
Sigue esforzandote",1,Neutral,0.0
"A mi edad 3 ya no cambia nada, pero si fuera unos 10/15,  me hubiera estudiado a saco, en vez de hacer el tonto con amigos de clase. Porque toda esa gente desaparece de tu vida una vez  terminas la ESO.",1,Negativo,-0.296
"Si lo vas hacer, hazlo bien para ya no volver‚Ä¶",1,Negativo,-0.296
No conf√≠es en nadie,1,Negativo,-0.296
Olv√≠dalo sal de ah√≠ y sigue con los deportes y ejercicio. Estudiar lo sabes,1,Neutral,0.0
"Abraza a tu madre, dile que la quieres, no le escondas nada",1,Negativo,-0.296
"No la cagues y se el orgullo de tus padres, no te distraigas jugando, se diligente con lo que tienes, no desaproveches las herramientas que te dan, no seas una verg√ºenza para tus padres, maldito guerco malagradecido",1,Negativo,-0.7783
No tuviste que hacerte la paja benja ü•µ,1,Negativo,-0.296
"Gracias por los errores,",1,Neutral,0.0
Entra al gym est√∫pido xd,1,Positivo,0.5859
Segu√≠ meti√©ndole ganas.,1,Neutral,0.0
Compra d√≥lares,1,Neutral,0.0
Invert√≠ en ollas essen ! üòÜ,1,Neutral,0.0
Algo,1,Neutral,0.0
No te enamores de esa enana wue te domina,1,Negativo,-0.296
Estudia mrda,1,Neutral,0.0
"Trata de ser mas ""maduro"" ya que cuando crezcas vas a ver fotos o videos que te hayan hecho y vas a decir ""¬øTanto cringe daba?""",1,Neutral,0.0
Hazlo suicidate ese era el momento,1,Neutral,0.0
Vete de ah√≠ y cuida a quien te cuido,1,Neutral,0.0
"No le creas, vete del pa√≠s, van a terminar en un mes",1,Negativo,-0.296
"Mijo, esa vieja no le conviene, esa relaci√≥n no va para ning√∫n lado, no le cierre la puerta a m√°s mujeres en su vida por ella, porque el golpe va a ser fuerte.",1,Negativo,-0.6808
"Borra Tinder y Bumble y esp√©rate al menos uno o dos a√±os solo, y ahorra dinero.",1,Neutral,0.0
"Tienes unos huevazos , pero todav√≠a no lo sabes",1,Negativo,-0.296
Compra bitcoin,1,Neutral,0.0
No regales esa barrita de cereal ü•£,1,Negativo,-0.296
Primero ve q no es travesa√±o,1,Negativo,-0.296
Cambiate de carrera,1,Neutral,0.0
no te muevas de casa en los proximos 3 a√±os,1,Negativo,-0.296
Pendejo,1,Neutral,0.0
"No te mudes a otra ciudad, el tipo te traicionar√°, perder√°s la inversi√≥n y la dignidad xd",1,Positivo,0.3818
Esa relaci√≥n ya est√° muerta.,1,Neutral,0.0
Sigue priorizando tu salud f√≠sica y emocional,1,Neutral,0.0
"No te malgastes, es una forra. Aunque quieras terminarle bien, va a terminar mal.",1,Negativo,-0.296
Te acuedas q prometimos nunca llorar por un hombre?. pues no pudimos cumplir esa promesa...,1,Negativo,-0.296
Si cumplimos nuestro sue√±o de estar con una Milf,1,Neutral,0.0
Ubicate,1,Neutral,0.0
Hdp no le hables,1,Negativo,-0.296
No retires tus Bitcoin ! Aweonao !!!! ü•π,1,Negativo,-0.5216
Deja la computadora,1,Neutral,0.0
"An√≠mate, tu vida cambiar√° dr√°sticamente as√≠ que an√≠mate y piensa si lo que haces hoy cambiar√° al mundo o tu entorno",1,Neutral,0.0
Vende todas las criptos,1,Neutral,0.0
Jugale al 36,1,Neutral,0.0
"No gastes ese dinero, pendejo.",1,Negativo,-0.296
"Debiste renunciar antes que te hicieran supervisor, ahora ve el desmadre que tenemos por culpa del pendejo de Curi en totalplay",1,Neutral,0.0
"*golpe en las pelotas*  Ahora que tengo tu atenci√≥n, no conf√≠es plenamente en nadie, no te aferres a aquello que no te ayuda a progresar ni a quien diga motivarte. Conf√≠a m√°s en ti y nunca dejes lo que te apasiona ni te sacrifiques por la tranquilidad de otros",1,Negativo,-0.6808
Ahorra,1,Neutral,0.0
"Aprovecha tus 20s, deja los vicios y enf√≥cate en el ejercicio, deporte y aprendizaje. Ve al psic√≥logo m√°s adelante lo agradecer√°s.

No te tomes nada personal que venga de los dem√°s. No seas tan cruel con tus pap√°s.

Conf√≠a m√°s en ti.",1,Negativo,-0.802
No te cases con Gayman Dildo Verga Pussy,1,Negativo,-0.296
Yo le dir√≠a: ponte las pilas malparido que ya vamos tarde hacia el √©xito,1,Neutral,0.0
Hola,1,Neutral,0.0
no le metas 350 d√≥lares a la cuenta de psn :v,1,Negativo,-0.296
"No respondas esa llamada, el concurso no valdr√° la pena",1,Negativo,-0.5267
"No se c√≥mo te iba tan bien en la escuela, bueno pos eras de primaria y ahora ya vas a prepa üòÆ‚Äçüí®",1,Negativo,-0.296
Algo(porque la imagen dice ‚Äúdile algo‚Äù),1,Neutral,0.0
"me dir√≠a a mi mismo que baje de peso, aunque hubiera sido vomitando o restringiendome o autolesionandome, hubiera preferido eso que ser un gordo pendejo ahorita",1,Neutral,0.0
Besala mina,1,Neutral,0.0
Al√©jate del porno.,1,Neutral,0.0
Invertir,1,Neutral,0.0
"Rapate a partir de ahora que te vas a quedar calvo igual, que te valga todo, estudia y no te hagas amigo de gente pendeja.",1,Negativo,-0.296
No procrastines m√°s y empieza a enfocarte m√°s a los estudios,1,Negativo,-0.296
Pisting is life,1,Neutral,0.0
Tiene el mejor trabajo no renuncie,1,Negativo,-0.296
dile a yurii que no mame,1,Negativo,-0.296
"No te enamores de ella, no la conozcas, en aquella estaci√≥n de bus, no aceptes su indicaci√≥n, y no tomes el mismo bus que ella esa noche.",1,Negativo,-0.7783
Vete ya de ah√≠,1,Neutral,0.0
Eres un idiota y siempre lo ser√°s no debiste confiar tanto en ti mismo.....,1,Negativo,-0.296
Querido yo no vuelvas a dejar que te lastimen como lo hicieron ü•Ä,1,Negativo,-0.296
Ponte verga y ten paciencia,1,Neutral,0.0
Puto el que se rinda ü§ô,1,Neutral,0.0
La cagaste con la calificaci√≥n (fracasado),1,Neutral,0.0
Qu√© nunca abandon√© el colegio,1,Neutral,0.0
Compra d√≥lares y no los vendas,1,Negativo,-0.296
Hoal,1,Neutral,0.0
El aguacate sabe a pene limpio,1,Neutral,0.0
"No dejes de comer por nada del mundo, perder 40 kilos en dos semanas no es nada lindo.",1,Negativo,-0.5267
La desesperaci√≥n no la puedes cobrar jodiendote el cuerpo ni la mente...,1,Negativo,-0.296
no vayas al indu,1,Negativo,-0.296
Compr√° d√≥lares,1,Neutral,0.0
" No seas ambicioso, todo a su tiempo, con base a trabajo, relaciones, estudia, no seas pendejo inmaduro",1,Negativo,-0.5267
No la ames por que saldr√°s peor que antes de estar con ella.,1,Negativo,-0.296
"No la enga√±es, ella era la indicada",1,Negativo,-0.296
compra oro.,1,Neutral,0.0
"No vale la pena sufrir por eso, sigue tu camino y logra tus sue√±os, lo lograr√°s antes de lo que te imaginas",1,Negativo,-0.296
hermano... deje de hacerse el mrca... e invierta en bitcoin hptaa,1,Neutral,0.0
"A√∫n puedes arreglar esto, solo esfu√©rzate.",1,Neutral,0.0
Aprend√© a invertir,1,Neutral,0.0
"cuando te diga de entrar a su habitaci√≥n, no entres XD",1,Positivo,0.516
"Yo le diria: ""Viste esa chica que conociste en cuarto a√±o de la secundaria? Al√©jate de ella simplemente al√©jate se que estas enamorado pero es mejor que te lajes es lo mejor""",1,Neutral,0.0
"Enfocate en ese proyecto. No vale la pena desvivirte por quien esta cerca de entrar en tu vida. Aunque lo creas, no valdr√° la pena pasar por tanto calvario y tanto infierno, no podr√°s curarla, al√©jate porque explotar√° en tu cara y se llevar√° tu futuro, tu trabajo, tu dinero, hasta tu 2da carrera.
Enfocate en ti, priorizate, y no le creas todo. Everybody lies. 
Recuerda el pasado, s√© fuerte, doler√°, pero tienes que levantarte.",1,Negativo,-0.8625
M*t*t* no hay salida.,1,Negativo,-0.296
Compra d√≥lares,1,Neutral,0.0
Ya s√© que c√≥mo chingo con eso pero ahorra...,1,Neutral,0.0
"Deja eso que estas haciendo, no dara frutos y solo te hara infeliz, suelta y se feliz...",1,Negativo,-0.296
Espabila hija de puta,1,Neutral,0.0
"Aprende ingl√©s de una vez, que esperas wey?",1,Neutral,0.0
Yo no te jales tanto que ahora ya estoy ciego,1,Negativo,-0.296
I still keep my desire to get out of this country xddd,1,Positivo,0.4019
Las personas que te mienten no te aman.,1,Negativo,-0.296
"Al√©jate de Melissa, CABRON",1,Neutral,0.0
"Ve tranquilo bro, no te dejes llevar y no le hagas tanto caso a ella",1,Negativo,-0.5267
"Se una buena pareja para la persona que tienes a lado, piensa antes de actuar, dale el tiempo y el lugar que se merece, no reprimas tus sentimientos hacia ella, vive  y disfruta cada momento con ella. 
Ah y has una maestr√≠a o aprende a hacer ecografias y ahorra",1,Negativo,-0.296
"No te inyectes coca√≠na, terminar√°s cuckeado",1,Negativo,-0.296
"Ella no est√°, estar√° o estuvo disponible para ti, no permitas que vuelva a pasar, no es tu amiga, no se alegra de tenerte en su vida, se alegra de tener un pa√±o de l√°grimas con solo tronar los dedos, imb√©cil!!!",1,Negativo,-0.826
No la dejes ir!,1,Negativo,-0.3595
"Compra criptomonedas y vendelas en 2020.
üòéüëç",1,Neutral,0.0
Que pasa causa??? Gaaaaa,1,Neutral,0.0
"""Haces muy bien en NO ponerte ese Veneno de Pfizer"".",1,Negativo,-0.4466
"El de hace 7 a√±os era un pendejo completamente, hijo de puta.....",1,Neutral,0.0
"Ya falta media botella.. vete a tu casa, no esperes que se termine..",1,Negativo,-0.296
Compr√° bitcoin,1,Neutral,0.0
"Tods declaracion de amor es urgente, independientemente de si es correspondido o no, porque ambos morir√°n y el amor no expresado es igual a nunca haber amado, porque ella morir√°, no la habras hecho sentir amada y ese amor morir√° contigo, es egoista no expresar el amor que sientes por alguien, esa persona merece saberlo, es desicion de ella corresponder o no, pero es tu obligacion expresarlo
ella morir√° y no le habras dado la oportunidad de decidir o de al menos sentir que alguien daria la vida por ella y le dedicaria el trabajo de su vida
eres un cobarde y un egoista si no le dices",1,Positivo,0.6808
gordo de mrd haz ejercicio,1,Neutral,0.0
M√°tate,1,Neutral,0.0
Aprende Excel,1,Positivo,0.4588
Todo va a malir sal,1,Neutral,0.0
"El tiempo no espera a nadie. Nunca ser√° el momento perfecto
Hazlo ya.",1,Positivo,0.0258
No entres a trabajar en HFI,1,Negativo,-0.296
No te metas eso por el culo,1,Negativo,-0.296
matate.,1,Neutral,0.0
No compres casa es una trampa,1,Negativo,-0.296
"Disfruta de cada momento pero responsable; no la dejes ir ella es para ti; re√∫ne cada centavo y compra acciones/bitcoin, Lee m√°s libros y esfu√©rzate cada d√≠a",1,Negativo,-0.296
Ahorra los d√≥lares,1,Neutral,0.0
"‚ÄúSalte de trabajar de ah√≠, est√°s a tiempo‚Äù.",1,Neutral,0.0
"volv√© a estudiar.

Abandona a tu familia, te est√°n usando y te dejaron clavado con un familiar peso muerto.

Sal√≠ del ciclo de depresi√≥n y habla con gente.

No comas tanto, maneja tus emociones.",1,Negativo,-0.296
"No le metas dinero al Fortnite, despu√©s te aburres y pierdes $10,000",1,Negativo,-0.296
Anda al dentista. Y al h3morroidologo,1,Neutral,0.0
Dale duro a la vieja esa,1,Neutral,0.0
"Ahorra, y deja de salir con esas que son tibias",1,Neutral,0.0
Qu√© si marqu√© al n√∫mero de emergencias y me abrazar√≠a diciendo que todo saldr√≠a bien.,1,Neutral,0.0
Huevos puto,1,Neutral,0.0
"No s√© si decir algo de mi yo de esa √©poca o decir algo que el dir√≠a pero har√© ambas 

Algo que dir√≠a 
-la vida es una mierda

Algo de el 
-era un emo seudo g√≥tico cretino pero no ten√≠a ni puta idea de la vida",1,Negativo,-0.5267
Deb√≠ saber decir NO m√°s veces,1,Negativo,-0.4466
"T√≥malo con calma, solo es una etapa mala en la vida despu√©s viene la abundancia y los buenos tiempos",1,Neutral,0.0
"Ve perdiendo la esperanza, aun no la has puesto y no la vas a poner jajajaja",1,Negativo,-0.5267
"Deja el estudio. Deja de gastar el poco dinero que ten√©s en ir a clases y querer terminar la carrera, primero ten√©s que enfocarte en tener un trabajo, acomodarte, remodelar tu casa y cuando est√©s mejor ah√≠ si dedicarte a estudiar y terminar la carrera... Por no haber echo eso es como desde 2019 no eh podido terminar los estudios, vivo solo desde los 17 y siempre fue una lucha sin fin.",1,Negativo,-0.7906
‚ÄúNo gastes esos 60 dolares‚Äù,1,Neutral,0.0
Suicidate üíï,1,Neutral,0.0
"Si te hace reir mucho, te va meter el pito",1,Neutral,0.0
pajero,1,Neutral,0.0
"Cuando encuentres a Lisa, no la dejes ir... porque te pesar√°",1,Negativo,-0.296
Eres una verga,1,Neutral,0.0
"No te preocupes hombre, no fue tu culpa lo que le paso. No podias hacer nada. Hay que ser mas pragmaticos y ver por nosotros mismos.

Solo empieza a dormir bien y estudiar por internet de una vez, tenemos que irnos de aqui lo antes posible.",1,Negativo,-0.6808
Suicidarte ..no vale la pena lo que sigue,1,Neutral,0.0
No te enamores,1,Negativo,-0.296
Es muy pesada la carga pero estar√°s bien te lo aseguro,1,Neutral,0.0
"Cogetela, al final de todas formas todo va a valer madres...",1,Neutral,0.0
"no escuches a mama,sali  DE ESA CARRERA",1,Negativo,-0.296
"Recuerda que lo pendejo se queda, estudia pendejo",1,Neutral,0.0
"Compra oro, vende un ri√±√≥n, estaremos bien, pero compra todo el oro que puedas",1,Neutral,0.0
"Que estudie mas lo que quiere sobre la universidad y administre sus pasiones con las otras, para que asi consiga mas efectividad, y le recordaria que el colegio no dura para siempre afortunadamente.",1,Negativo,-0.296
No metas tu plata ah√≠,1,Negativo,-0.296
3 a√±os no es suficiente,1,Negativo,-0.296
No pidas o aceptes ning√∫n cr√©dito bancario,1,Negativo,-0.296
Pajero,1,Neutral,0.0
Aun sigo vivo parcero,1,Neutral,0.0
"Si le advirtiese de algo, se convertir√≠a en algo que hoy no soy. Supongo que solo le desear√≠a suerte, le dar√≠a las gracias y le dir√≠a que es mucho menos inteligente de lo que cree, que eso da igual y siempre lo dar√°, que siga caminando y escuchando, que quiera y conozca m√°s todav√≠a a la gente, que predique menos sermones y no tenga tanto miedo a pasarlo mal. Eso le dir√≠a yo y estoy seguro de que es lo mismo que me dir√° mi yo del futuro",1,Negativo,-0.5267
"Tu imaginaci√≥n no llega a lo que viene para ti, felicidades",1,Negativo,-0.296
"Ahora todo est√° bien, despu√©s no ... Aprovecha, cr√©eme.",1,Negativo,-0.296
Sigue adelante yo creo en ti,1,Neutral,0.0
Apurate en divorciarte,1,Neutral,0.0
Pasa m√°s tiempo con tus padres. Ay√∫dales en lo que necesiten,1,Neutral,0.0
En 3 a√±os seguimos siendo v√≠rgenes. Y deja el nopor,1,Neutral,0.0
"Eres un pendejo, pero sigue as√≠",1,Neutral,0.0
"AHORRA Y VE A VIVIR SOLA, NO TE CONFIESES A TU MEJOR AMIGO. Eso le dir√≠a.",1,Negativo,-0.4466
No acept√©s esa tarjeta de cr√©dito idiota jajajaj,1,Negativo,-0.296
"No te fijes en ella solo te va a lastimar, ella miente solo le interesa tu dinero no te ama y te dejar√° endeudado por un buen tiempo",1,Negativo,-0.5267
"En varias ocasiones he dicho que si pudiera volver atr√°s, no cambiar√≠a nada de lo que hice, pero eso no significa que no me arrepienta de lo que sucedi√≥...

Escucha: de todas las decisiones y cosas que han ocurrido en los √∫ltimos 3 a√±os, mi consejo ser√≠a que busques a esta chica antes del 2023. No lo digo porque piense que eso te va a dar una oportunidad para ganarse su coraz√≥n; por el contrario mi consejo es no te enamores de ella. Pero quiz√°, un quiz√° tan min√∫sculo, de una probabilidad tan grande como la particular m√°s peque√±a, puede que la vida sea un poco mejor para ella.

Si logras acercarte antes de que acabe 2022, entonces en 2023 no pienses en hacer equipo con ella, no revises su trabajo ni te re√∫nas para corregirlo. Salvate del dolor, del agobio, de las dudas, de las crisis...",1,Negativo,-0.9081
No indagues si no puedes enfrentar la verdad sin derrumbarte,1,Negativo,-0.7906
"""Este trabajo es para estar, no para quedarte""",1,Negativo,-0.296
No trabajes de programador.,1,Negativo,-0.296
"Gracias por hacer las cosas como las est√°s haciendo, si bien no eres perfecto est√°s formando a la persona que soy hoy en d√≠a. Y aunque no sea perfecto y justo ahora me siento como la mierda, me complace pensar que est√°s dando todo de ti y que eres feliz haciendo las cosas que te gustan. Aunque reflexionando tu tambi√©n est√°s en la mierda y sigues  con una indiferencia casi inhumana, dir√≠a que eres m√°s fuerte que yo o menos llor√≥n, Pero supongo que el que no supieras manejar las emociones me dej√≥ en este hoyo


Posdt: est√∫pido imbecil, ten cuidado por d√≥nde pisas si hay clavos en el piso y mas si est√°s a oscuras",1,Negativo,-0.25
Menos mal que no sigues con la golfa esa,1,Negativo,-0.296
"Ese compa ya est√° muerto, nom√°s no le han avisado",1,Negativo,-0.296
POR FAVOR ANDATE DE AHI,1,Positivo,0.4019
"Que saque casa en el 2022. De todos modos ya en ese entonces estaban caras, pero no tanto como ahorita.",1,Negativo,-0.296
"Ten cuidado con lo que deseas, porque se acaba cumpliendo.",1,Neutral,0.0
"Sal de ah√≠.

Ella no te quiere. No disfruta ya de estar a tu lado. Miente y est√° saliendo con su amigo. S√≠, ese que considera un hermano.

No lo intentes de nuevo. Sal. T√∫ sabes que hay se√±ales.

Estar soltero no es tan malo.

Ah, y ni se te ocurra mandar a hacer el anillo. Obviamente no vas a recuperar lo que gastaste.",1,Negativo,-0.8402
El n√∫mero de la loter√≠a de ayer.,1,Neutral,0.0
No tienes idea de lo solo que est√°s.,1,Negativo,-0.296
compra bitcoin que va a subir en 100K,1,Neutral,0.0
Estoy 3 a√±os m√°s viejo,1,Neutral,0.0
Compra Bitcoin !!,1,Neutral,0.0
Qu√©date en Sevilla.,1,Neutral,0.0
"Invierte en Bitcoin, sp500 y vende en enero de 2025!!!!",1,Neutral,0.0
"Deja de perder tu tiempo en mamadas y ponte a estudiar, te arrepentir√°s si no lo haces.",1,Negativo,-0.296
¬°Toma decisiones ya! No esperes a estar cien por ciento seguro. Te arrepentir√°s.,1,Negativo,-0.3595
"No hagas nada ilegal porque al final te van a atrapar y ser√° un estr√©s, no estreses a tu novia te va a odiar y a pero al final se va a solucionar todo.
Pdt: no compres ese puto auto",1,Negativo,-0.6808
"Conoceras a una chica, quiero que la cuides, le demuestres lo especial que es para ti, y que le des todo tu cari√±o, quiz√°s as√≠ evites su fatal destino....",1,Negativo,-0.5423
Ponte a hacer ejercicio,1,Neutral,0.0
Eso no es tan importante como t√∫ crees,1,Negativo,-0.296
"Todav√≠a no vas a tener pareja bro, ni te molestes.",1,Negativo,-0.296
Ey üëç,1,Neutral,0.0
"¬°Compr√° d√≥lares, compr√° d√≥lares, compr√° d√≥lares!",1,Neutral,0.0
"Hey bruh, learn spanish so you can answer a reddit in 3 years.",1,Neutral,0.0
"Cuando la encuentres, al√©jate de ella, antes de que sea demasiado tarde.",1,Neutral,0.0
Vas bien üëç,1,Neutral,0.0
No compres criptomonedas,1,Negativo,-0.296
"No vuelvas a esa empresa, da igual cuanto te ofrezcan.",1,Negativo,-0.296
Ahorrate el show y estudia ingenier√≠a en software de una,1,Neutral,0.0
¬°No te metas en NFTs imbecil!,1,Neutral,0.0
Suicidate,1,Neutral,0.0
Suicidate...,1,Neutral,0.0
Relax que todo llega,1,Positivo,0.4404
"**""BITCOIN""**",1,Neutral,0.0
Fome qliao,1,Neutral,0.0
No pruebes el criko,1,Negativo,-0.296
Concentrate y entrena fuerte,1,Neutral,0.0
Encontraras alguien en irl y no te rindas,1,Negativo,-0.296
Ya he encontrado el origen de tu dolor. Es una pena no haberlo visto hace m√°s de quince a√±os.,1,Negativo,-0.296
No te rindas,1,Negativo,-0.296
No vale la pena. Brinca,1,Negativo,-0.296
"Folla con esa puta, no esperes m√°s",1,Negativo,-0.296
que deje de tragar y haga pesas. Que ahorre.,1,Neutral,0.0
No intentes traficar con personas ni evadas impuestos,1,Negativo,-0.296
Deja a Luis,1,Neutral,0.0
Ahorra so cabron,1,Neutral,0.0
"No pierdas el tiempo, las cosas solo empeorar√°n..",1,Negativo,-0.296
"Que siga adelante y que el arrepentimiento es parte de la vida, lo importante es hacerse cargo de los errores sin avergonzarse y que siempre puede dar m√°s de si.
Pero m√°s bien, la abrazar√≠a. ‚ò∫Ô∏è",1,Negativo,-0.5574
"No apuestes esos bitcoins bro, mejor vendelos y mete ese dinero a inversion.",1,Negativo,-0.296
"Y ya la habia cagado hace 3 a√±os, necesito volver mas atras",1,Neutral,0.0
Estudia pelotudo,1,Neutral,0.0
"""Disfruta del viaje a Noruega y procura acostarte con una chica de all√° o de otro pa√≠s antes de que te frustres m√°s de lo que ya estas.""",1,Neutral,0.0
"Run, Forest, run...",1,Neutral,0.0
"Hagas lo que hagas, no regreses con ella",1,Negativo,-0.296
"Que te valga verga lo que te diga tu mam√°, esta es tu nueva vida",1,Neutral,0.0
No pagues la quincena de carpa en MDQ,1,Negativo,-0.296
Hecha m√°s palos con tu ex,1,Neutral,0.0
No te enamores de la mam√° soltera,1,Negativo,-0.296
"Deja la paja y la pornograf√≠a Hijo de putaaaaa!!!, es desgastador engancharse con eso.",1,Neutral,0.0
"En el fondo sabes muy bien que nadie es realmente tu ""amig@"" deja de ser tan ingenuo.",1,Neutral,0.0
Vende  toda tu casa y compra bitcoin,1,Neutral,0.0
"Todo lo bueno acaba, pendejo",1,Neutral,0.0
esta agustia va pasar kri√±o,1,Neutral,0.0
"Agarrate, se vienen curvas",1,Neutral,0.0
"""al final si pudiste, no moriste en el intent√≥ y doli√≥ menos que quedarte""",1,Negativo,-0.296
"Rel√°jate, √©chale ganas a tu relaci√≥n, no seas pendejo.",1,Negativo,-0.296
"Toma, esos son los numeros de la loteria el a√±o entero",1,Neutral,0.0
Si la am√°s dejala ir. No le vas a ganar c√°ncer. Abrazala todo lo que puedas.,1,Negativo,-0.296
"No es Laura, es paco, no lo hagas",1,Negativo,-0.5267
Vende tu bitcoin cuando supere los 100k,1,Neutral,0.0
No entres a twiter,1,Negativo,-0.296
No perdones una infidelidad,1,Negativo,-0.296
"No perdones una infidelidad, loa infieles no suelen cambiar",1,Negativo,-0.5267
"Gracias por resistir, gracias por aprender, gracias por no caer en la tentaci√≥n, hiciste lo que ten√≠as que hacer y hoy doy gracias por tu fuerza",1,Negativo,-0.296
"No te vayas por el dinero facil, esta embrujado y lleno de pesadillas!",1,Negativo,-0.3595
Tienes 3 a√±os de dolor adelante,1,Neutral,0.0
SUBNORMAL!!!!!,1,Neutral,0.0
Vive sin importa que. Suena simple. Pero maldito sistema que nos moldea para ser infelices. Malparido Rockefeller,1,Negativo,-0.5574
"Te va a caer plata como nunca has visto en tu vida.
Sigue enfocado , no te rindas",1,Negativo,-0.296
Come bien cabron,1,Neutral,0.0
"Lo pasaras mal, pero haz lo mismo que has hecho ahora. Habr√°s descubierto muchas cosas sobre t√≠, y son muy importantes. Sigue as√≠, ahora como est√°s has mejorado mucho. Podr√°s superar lo que te est√° pasando solo da el paso como hice yo",1,Neutral,0.0
No renuncies a tu trabajo!,1,Negativo,-0.3595
Ahorra 10 al dia,1,Neutral,0.0
No vendas ese lancer...,1,Negativo,-0.296
Estudia,1,Neutral,0.0
"Huye de casa, antes de que tus padres se divorcien.",1,Neutral,0.0
"Que tu padre se haga ex√°menes y aprov√©chalo harto. Si no, va a terminar igual que tu mam√°. ü™¶üíÄ",1,Negativo,-0.296
Valora a mam√°,1,Neutral,0.0
Est√°s m√°s pendeja ahora que en tres a√±os m√°s,1,Neutral,0.0
Invierte en el semen,1,Neutral,0.0
Compra BTC.,1,Neutral,0.0
"Vas bien. Lo est√°s haciendo muy bien. Vas a llevar co√±azos, te vas a caer, te vas a lastimar pero saldr√°s de toro y aprender√°s, ni te imaginas las cosas que aprenderas, y hoy d√≠a, no te sientes tan bien, pero porque sigues aprendiendo, y lo lograr√°s, no se que vas a lograr pero lo lograr√°s.",1,Negativo,-0.5267
No hagas ning√∫n trato con sicilianos a menos que tengas como pagarles si es que quieres conservar tus piernas,1,Negativo,-0.296
No te aferres a lasos sangu√≠neos nadie te ayudar√° tanto como tu misma a salir de los momentos malos. Familia no es gente.,1,Negativo,-0.5267
Deja de ver series est√°n cada d√≠a peores.,1,Neutral,0.0
mogolico del orto,1,Neutral,0.0
No leas c√≥mics de furros,1,Negativo,-0.296
Corre!!!!,1,Neutral,0.0
Mano.... no puede ser... segu√≠s en las mismas... que triste...,1,Negativo,-0.296
"no te enamores ,estupido",1,Negativo,-0.296
Invierte para derrotar la inflaci√≥n,1,Neutral,0.0
"No era necesario matarlo,en 3 a√±os si lo haces tendr√°s un juicio de asesinato",1,Negativo,-0.296
"Hazte una Pyme, no hay empleo",1,Negativo,-0.296
Estas como una cabra,1,Neutral,0.0
Todo edta bien no te preocupes por el ma√±ana vive el momento,1,Negativo,-0.296
Fucking m√©tete al gym flaco de mierda.,1,Neutral,0.0
"Blinda un poco m√°s el coraz√≥n, pensa en vos primero.",1,Neutral,0.0
"Haz ejercicio y pasa m√°s tiempo con tu abuela, estudia m√°s y no te juntes con ellos.",1,Negativo,-0.296
No vayas donde las cari√±osas,1,Negativo,-0.296
"Vas a lograr mucho, esa persona con la que ahora est√°s, si es, pero no est√°s listo, y est√° otra persona, mejor ni la registres. Segu√≠ enfocado en vos y tus metas, creeme que se nos va a dar",1,Negativo,-0.296
"Las decisiones que estas tomando tendr√°n un peso enorme , se que estas cansado , se que sientes que estas perdiendo mas de lo que estas ganando pero te prometo que estar√°s bien. y alguien sabr√° amarte de la manera que siempre quisiste.",1,Neutral,0.0
Estas bien bonis,1,Neutral,0.0
Mama bicho,1,Neutral,0.0
"Se fuerte mentalmente, no caigas, no vuelvas a tomar licor... desear√≠a volver atr√°s y no haber vuelto a tomar!!!...",1,Negativo,-0.7562
"Aposta todo lo q puedas, aca t dejo resultados
Champions 2023 la gana el city
2024 el Real
el Bar√ßa le gana la supercopa al madrid en 2025
boca pierde una final d libertadores 
Central Campeon 2023
sabes c√≥mo me hago millonario",1,Positivo,0.6808
Ahorita te sientes as√≠ pero yo vengo a decirte que la est√°s rompiendo üî•üî•üî• lev√°ntate y sal a ganar el partido üôåüèªüî•,1,Neutral,0.0
tu mejor amigo es femboy... ten√© cuidadito.,1,Neutral,0.0
"Enfocate, no arriesgues las cosas, trabaja.",1,Negativo,-0.296
"Estudia la carrera que te gusta, no caigas en la presi√≥n de tu madre ü•≤",1,Negativo,-0.296
"enojate menos, tene mas paciencia.",1,Neutral,0.0
Confia mano,1,Neutral,0.0
"usa forro, que estan caros los pa√±ales y deja a esa loca wachin que no es lo mejor para tu futuro/proyectos!",1,Negativo,-0.3595
Hace terapia,1,Neutral,0.0
Ma√±ana ser√° bonito üåü,1,Neutral,0.0
Vete de Venezuela üò≠,1,Neutral,0.0
D√©jalaaaaaaaaaaa no vale la pena,1,Negativo,-0.296
"Vamos a llegar a buenos aires, tu sigue ahorrando, no te descuides y por favor acaba esa carrera a distancia.",1,Positivo,0.128
"No te voy a mentir, te est√°s metiendo en uno de los peores trabajos que vas a tener... Pero a√∫n as√≠, lo vas a disfrutar mucho. No te lo tomes tan en serio, relajate y disfruta del camino, que vas a aprender un mont√≥n de cosas.

En cuanto a la uni... La verdad es que me la re contra saltee, pero te dir√≠a que intentes ir a una cerca, m√°s que nada por la paja del viaje.

El resto, depende de qu√© no cierres tu coraz√≥n y aprendas a expresarte mejor con tus seres queridos. Mucha suerte hermano, que la fuerza est√© con vos y que dios te recoja en su santa gloria.",1,Negativo,-0.6808
Te vas a dar cuenta que fueron 4 a√±os enamorado al pedo,1,Neutral,0.0
te comento q todo sigue igual....,1,Neutral,0.0
hace dieta y compra dolares,1,Neutral,0.0
Everything is gonna be alright üòå,1,Positivo,0.25
"Espabila de una vez y aprende a querer m√°s y mejor a quien valga la pena, boba",1,Neutral,0.0
Si piensas que todo ha Sido malo. Ahora viene lo peor,1,Positivo,0.34
"No inviertas en proyectos de Rankenus, a esos pendejos les pasa de todo.
No inviertas en Yo te presto, esos animales que piden prestado no pagan.",1,Negativo,-0.6808
"Todo va a salir bien, confia en el camino. Me recuerda a la canci√≥n ‚Äúvienna waits for you‚Äù",1,Neutral,0.0
"1. Pendejo
#
2. La universidad no esta tan fea
#
3. Pendejo
#
3. Tomate las pastillas
#
3 . Aprende a contar",1,Negativo,-0.296
La gente es bien mierda! Pero es algo que ya sabes solo te lo confirm√≥!,1,Neutral,0.0
No salgas del pa√≠s!,1,Negativo,-0.3595
"Estudia m√°s, las lagunas no se reponen jam√°s. Y abraza m√°s a tu pap√°.",1,Negativo,-0.296
"No eres realmente est√∫pido, solo eres flojo, Muy flojo. No creas que te digo esto para tirarte al piso, lo hago por qu√© te quiero, quiero que seas fuerte por qu√© ese es tu destino.",1,Negativo,-0.296
No te cases,1,Negativo,-0.296
No comas eso!!!,1,Negativo,-0.4724
Porfavor alejate de esas mujeres,1,Neutral,0.0
No te metas a estudiar en la UTA,1,Negativo,-0.296
Estudia weon as√≠ tus padres no te pagar√°n la uni privada porque no te Hagarraron en la p√∫blica no por pendejo si no por pelotudo‚Ä¶!,1,Negativo,-0.7959
M√©tete para estudiar dentista.,1,Neutral,0.0
Compra btc,1,Neutral,0.0
Tss endejoooo,1,Neutral,0.0
"Aunque ahora la vida pese demasiado y sientas que te has perdido al grado de creer que continuar siguiendo tus ideales no vale la pena, te aseguro que lo vale. El c√≥mo eres habla de ti, no el c√≥mo act√∫a el resto ante ti. Puedes superar f√°cilmente que alguien no sea buena persona contigo, pero jam√°s superar√°s sentir que t√∫ ya no eres una persona excepcional si haces mal.",1,Negativo,-0.7783
Est√∫pido,1,Neutral,0.0
"No seas huev√≥n y ponte a matricular en m√°s cursos electivos para levantar el promedio tambi√©n busca trabajo para tus pr√°cticas, c0judo de mrd",1,Negativo,-0.296
"Perd√≥n,",1,Neutral,0.0
No la kgues,1,Negativo,-0.296
compra Stonks de Nvidia,1,Neutral,0.0
La vida es riesgo Miclo. Vatos locos 4 siempre,1,Neutral,0.0
Wbn,1,Neutral,0.0
"""No te encari√±es r√°pido, por m√°s que te cueste, NO LO HAGAS CON NADIE""
""Tu vida a partir del 2023 va a ser una mrd""

Perd√≥n si paresco re depresivo JAJAJA",1,Negativo,-0.6289
ten amiguitas mejor,1,Neutral,0.0
Insiste m√°s en el a√±o sab√°tico,1,Neutral,0.0
Mira bro van a revivir un lobo en 3 a√±os bro loquisimo bro,1,Neutral,0.0
Provecho con nuestra prima üòãüòãüòã,1,Neutral,0.0
"Porfavor, hazte ex√°menes de sangre, haz m√°s ejercicio, come mejor, no te encadenes mucho emocionalmente con nadie.",1,Negativo,-0.296
Compra cryptos estables,1,Neutral,0.0
"No te metas en deudas innecesariamente, no la embarres",1,Negativo,-0.5267
Todo igual?ü§î...sep...todo igual ü§∑,1,Neutral,0.0
sigue! t√∫ puedes con todo reina!,1,Neutral,0.0
"justamente estaba recordando ese a√±o por lo mal que me sent√≠a y que actualmente me siento igual, y que me aparezca este post es algo loco porque solamente le dir√≠a que todo estar√° bien, que lo luego conocer√° personas que la ayudar√°n a amarse m√°s y no querer tomar esas decisiones. Deber√≠a ser todo lo que me diga ahora mismo por como me he sentido estos meses, pero siento que estoy en punto de quiebre donde puedo leer o escuchar eso y a√∫n as√≠ no causan diferencia en mi...",1,Negativo,-0.5267
Abraza m√°s a tus abuelas ‚ù§Ô∏è‚Äçü©π,1,Neutral,0.0
"Hiciste bien en dejar a Voldemort (mi ex) para poder estar con las dos personas que m√°s te aman.
No es sencillo llegar a los 26 Pero por favor segu√≠ adelante peque√±a",1,Positivo,0.128
"Sep√°rate, no pierdas el tiempo y disfruta m√°s, no te cierres en una relaci√≥n sin darte la oportunidad de enamorarte. No dudes m√°s y te arrepientas luego.",1,Negativo,-0.8481
"Ahorra en d√≥lares,  saca tu visa y vete sin pensarlo tanto",1,Negativo,-0.5574
En tres a√±os m√°s te hablo.,1,Neutral,0.0
"No estudies en una universidad abierta, no vas a aprender nada.   
No estudies programaci√≥n, al menos a mi no me ha ido bien.   
Ve quitandote la pena de vender o cualquier cosa que te exponga a socializar m√°s y haz un negocio con eso, mejor que creer que programar te va a sacar de pobre.",1,Negativo,-0.6597
"La vida se va a tornar interesante y a veces pensar√°s que es dif√≠cil por aquellos momentos de estr√©s que vas a pasar. No te preocupes, t√∫ puedes
Y recuerda siempre estar con tu familia, que ellos siempre te van a apoyar.
Sobre todo date tiempo para ti y ded√≠cate a lo que te hace feliz.
No te rindas",1,Negativo,-0.5267
"Protege tu salud mental, en 3 a√±os estaras en la ruina, amigo...",1,Neutral,0.0
Compr√° dolares,1,Neutral,0.0
"Cu√≠date, no te reprimas sigue siendo t√∫ las personas van y vienen, las amigas y personas correctas llegar√°n",1,Negativo,-0.296
"La est√°s cagando, abre los ojos, esc√∫chate a ti misma no a los dem√°s‚Ä¶ no seas pendeja‚Ä¶.",1,Negativo,-0.5267
"Un hombre fue lo suficientemente paciente contigo como para quererte a pesar de ser una ramera analfabeta.
Y tu mam√° dej√≥ de maltratarte",1,Neutral,0.0
"Busca este topic de reddit, cada tres a√±os, hasta 1989, s√°ltate Dougie Houser, Vicki Small Wonder y The Wizard de Nintendo, no pidas regalos de navidad y comienza a estudiar tres ivy carreras desde ya y corre wn, corre!",1,Negativo,-0.3595
"Comparte lo que sientes, no est√° mal admitir que no estas bien, te ahorraras problemas despu√©s y mejorar√°s como persona, da esos detalles que tanto pensaste dar",1,Negativo,-0.5267
M√°tate,1,Neutral,0.0
"No tengas novio, est√°s muy peque√±a, hazme caso y estaremos mejor despu√©s, seremos m√°s felices.",1,Negativo,-0.296
M√°ndale mecha,1,Neutral,0.0
Imbecil,1,Neutral,0.0
las de menos de 1500 son ex-men,1,Neutral,0.0
Dale a todas!!! A todas!!!!,1,Neutral,0.0
Chiga tu madre porfa üôè,1,Neutral,0.0
no vale la pena sufrir por los errores de los dem√°s,1,Negativo,-0.296
"Deja de ser d√©bil, no dejes que los otros te usen",1,Negativo,-0.296
Pendeja no te enamores de aquel pendejo que solo te utilizara para saber que quiere ü§¶üèª‚Äç‚ôÄÔ∏è y no por que te ama,1,Negativo,-0.5267
"Despierta del trance cabr√≥n, la vida vuela.",1,Neutral,0.0
"Absolutamente nada, todo lo que he hecho en estos 3 a√±os me ha ayudado a mejorar como persona, y sin estas experiencias seria uns mierda, puede que un poco m√°s atras si me advertiria de cosas las cuales nada m√°s me han herido, pero estoy bastante orgullosa de mi avance y proceso como persona a pesar de cometer muchas cagadas en estos a√±os.",1,Negativo,-0.296
Estas bien pendeja!!!!,1,Neutral,0.0
"""juega al roblox""",1,Neutral,0.0
"No te metas a ingenier√≠a qu√≠mica por la qu√≠mica, mejor m√©tete a QFB",1,Negativo,-0.296
"No metas maestros barcos, sobre todo en Control de M√°quinas y PLC.",1,Negativo,-0.296
"Las personas que consideras tus amigos, no lo si realmente",1,Negativo,-0.296
Si te pusiste mas guapa y si te volviste mega social. Besos en la pucha hermosa,1,Neutral,0.0
PENDEJO,1,Neutral,0.0
"Apuestale a que Messi gana el mundial y la copa america, al igual que el bicampeonato de los Chiefs",1,Neutral,0.0
"""apaga el pc webon, ya amanecio y sigues ahi""",1,Neutral,0.0
METELE TODO AL ROJO,1,Neutral,0.0
VAS A PODER. SEGUI INTENTANDO. NO TE RINDAS. SALI√ì COMO QUER√çAS.,1,Negativo,-0.296
"se que lo que viene ser√° lo peor que vivir√°s en tu vida, pero cr√©eme que al final estar√°s tranquilo. Conf√≠a en la luz al final del tunel",1,Neutral,0.0
"Hubieras saltado de ese edificio de 10 pisos,",1,Neutral,0.0
No te encarames a buscar la tostadora te vas a caer,1,Negativo,-0.296
No prestes esa plata que no te la van a devolver.,1,Negativo,-0.5267
Haz deporte,1,Neutral,0.0
Ya pasaron 3 a√±os :),1,Positivo,0.4588
Todos los n√∫meros de la loter√≠a de cada d√≠a de esos 3 a√±os! Jeje,1,Neutral,0.0
Que seguimos igual de jodidos üòÇüòé,1,Neutral,0.0
"Sigue por d√≥nde vas, as√≠ vas bien.",1,Neutral,0.0
Sacala a tiempo,1,Neutral,0.0
No te cases con esa perra!,1,Negativo,-0.3595
Se va a poner peor,1,Neutral,0.0
No salgas con la de Tabasco,1,Negativo,-0.296
"No se, no es que haya habido buenas oportunidades, solo le dir√≠a que haga algo que realmente disfrute, no es necesario seguir haciendo cosas que odias.
Tambi√©n que se tom√© el ingl√©s m√°s en serio, idependientemente de la chamba, ayudar√° para el aprendizaje, y que sea m√°s mam√≥n, las personas a veces solo entienden a las malas.",1,Negativo,-0.6808
Que entrene y se haga respetar.,1,Neutral,0.0
No te metas a estudiar programaci√≥n no seas pendejo,1,Negativo,-0.5267
No seas rencoroso ni brutalmente honesto,1,Negativo,-0.296
Cada maldita decisi√≥n que tomaste te lleva a m√≠,1,Neutral,0.0
Eres un pendejo,1,Neutral,0.0
Aprende a dividir,1,Neutral,0.0
"Deja de perder tu tiempo con personas pendejas, estudia y ahorra",1,Neutral,0.0
"cagalo a puteadas y a pi√±as, no te olvides la libreta y escribele elige estudiar Profesorado de Ingl√©s",1,Negativo,-0.296
Pendejo,1,Neutral,0.0
"Estoy decepcionado de vos, pero en un futuro vas a ser grande y mejor ‚ù§Ô∏è‚Äçü©π",1,Neutral,0.0
"pelotudo de mrd, madura y deja de decir boludeces, no sabes ni un carajo de la vida. Y elig√≠ bien con quien te juntar√°s estupido de mrd que ahora te llevas mal con medio mundo",1,Negativo,-0.296
Enano,1,Neutral,0.0
Al√©jate de la mujeres...!!!!,1,Neutral,0.0
"Seguis en el mismo lugar, no te cagues y toma otro camino, pelotudo",1,Negativo,-0.296
Contratale a tus padres un seguro de gastos m√©dicos mayores no seas estupido,1,Negativo,-0.296
"Pendejo, no vale la pena esa persona, estar√≠as mejor con la madre de tu hija o quiz√°s era lo que necesitabas tu para aprender y cambiar tu actitud.

Cuidala mucho y sabes bien que pese a todo, ustedes 2 siempre son un soporte para la ni√±a, enserio no quiero que te arrepientas cuando ella ya no est√© en este mundo o est√©s en ese instante para salvarla como yo no pude hacerlo.",1,Negativo,-0.7783
Salta,1,Neutral,0.0
Porque no la dejaste ir idiota!!!,1,Negativo,-0.4724
Ahorra pendejo ahorraaaaa,1,Neutral,0.0
"Qu√©date all√° no seas wey, de todas formas la vas a terminar",1,Negativo,-0.296
Chingas a tu madre,1,Neutral,0.0
No te vayas de tu pa√≠s. No creas que es posible salir de tu destino. No pienses que eres importante,1,Negativo,-0.6808
No conf√≠es en las personas falsas.,1,Negativo,-0.296
Disfruta y no le tengas miedo al rechazo (aunque suene b√°sico y re buscado),1,Negativo,-0.296
"Invierte todo el dinero que puedas.   
El mercado laboral se puso de la verguisima.   
Compra todo el bitcoin que puedas en diciembre.  
Shortealo  en enero 2025 po debajo de 108k y cierra en 77k.",1,Negativo,-0.5574
"La economia se va a ir a la mierda, ahorra tu dinero.",1,Neutral,0.0
"No conf√≠es en nadie...
Por favor imb√©cil",1,Positivo,0.128
Le dir√≠a que pueda aprovechar de mejor manera su √∫ltimo a√±o  y que no la cage en el viaje de promoci√≥n,1,Negativo,-0.296
Pasa todo el tiempo que puedas con tu mam√°,1,Neutral,0.0
Hazlo! igual te vas a M0r¬°R alg√∫n d√≠a.,1,Neutral,0.0
"Corta con la t√≥xica ya. Antes que te enga√±e la muy infiel. (Enserio lo hizo, y antes de eso se puso a decir que como no me corr√≠a al instante en ella no la quer√≠a. y con eso se justific√≥) Era fea como un goblin pero era mi goblin. (Goblin de goblin slayer.) Y a√∫n as√≠ me traicion√≥.",1,Negativo,-0.5267
"Sab√≠a que lo ibas a lograr, conf√≠e en ti.",1,Neutral,0.0
Ve m√°s seguido a la playa,1,Neutral,0.0
"No te enfoques en las amistades o tener pareja, amate y qui√©rete, eres m√°s que suficiente.",1,Negativo,-0.296
"No dejes de crear contenido. As√≠ est√©s en la mas high zona de confort. Sigue abriendo tu camino... porque ese confort en el que est√°s, se acabar√° de golpe.",1,Negativo,-0.296
El pasado me guia,1,Neutral,0.0
"No dejes esa colonoscopia para despues. Afortunadamente no habia progresado a nada, pero Dios que buen susto me saque.",1,Negativo,-0.5267
"El √∫nico amor y validaci√≥n que necesitas es la propia, no te rebajes por alguien que te trata como desechable",1,Positivo,0.4215
"Sigue intentado, solo sigue. No importa si sientes que fallas, no pierdas la esperanza, sigue intentando una y otra vez, no lo sueltes, y vuelve a intentarlo. Pero recuerda que este consejo no sirve para nada en el amor",1,Negativo,-0.4215
"Chico, deja ir a quien tengas que dejar ir, amate y valora a las personas que est√°n contigo, no a las que te han abandonado, de nada te sirve alguien a quien no le importas. Abraza m√°s a mam√°, deja de lado todo el dolor y arregla tus errores en vez de lloriquear.... Deja de ver anime XDD",1,Negativo,-0.5267
"Eres fuerte y has logrado mucho, tu siempre puedes",1,Neutral,0.0
Hay que ser una persona perseverante porqu√© el que persevera triunfa,1,Neutral,0.0
"Estoy orgulloso de vos.

Creo que seria la primera y ultima vez que escucharia esas palabras xd",1,Positivo,0.5859
"Te recuerdo mucho menos preocupado que hoy. Este mundo cada d√≠a est√° peor, m√°s odioso y corrupto.",1,Neutral,0.0
"No debiste haber fallado en tu suicidio, no ha pasado nada bueno de todas maneras",1,Negativo,-0.25
"No te dejes llevar por una ruptura, te va a costar el entrar a la uni a estudiar la carrera que siempre has querido üò¢",1,Negativo,-0.296
Compra vivienda,1,Neutral,0.0
"Estudia vago de mier... Si se puede todo est√° en tu mente, Pero hazlo ya!!!",1,Neutral,0.0
No le apuestes al rojo,1,Negativo,-0.296
Compra la caja (venia una carta de 10000 pesos mexicanos jejej),1,Neutral,0.0
Se va a poner incluso peor la cosa. Aguanta.,1,Neutral,0.0
No vuelvas con tu ex?),1,Negativo,-0.296
"""Todav√≠a no estar√°s viviendo ah√≠ pero todo va a ir bien, mejor de lo que te puedes imaginar ahora mismo. Pero a ver si tienes m√°s huevos para hablarle a las chicas que te gustan""

  
\-Ahora lo haces ya?

  
""estamos hablando de ti, no mezcles""",1,Negativo,-0.5267
Querido yo de hace 3 a√±os: no tengo IDEA de c√≥mo ser un adulto,1,Negativo,-0.296
"Primero me dar√≠a una bofetada o un combo porque daba mucho cringe no en mi forma de actuar solo que era muy pollito y me dir√≠a d√©jate de dar pena, enf√≥cate en los estudios, en mejorar como persona y dar siempre lo mejor de ti yo conf√≠o en que puedes",1,Negativo,-0.296
estas en el mismo lugar de siempre que pasa que no avanzas???,1,Negativo,-0.4098
No busques pomedari en Youtube,1,Negativo,-0.296
"Saca carnet de conducir. Si, se que odias manejar, pero necesitas hacerlo",1,Neutral,0.0
"""No pruebes ese cristal, la peda se te bajar√° por si sola, ve a casa, mam√° te espera, ma√±ana tienes clases.
Te quiero tanto, te quiero c√≥mo nunca te pudiste querer cabron, por eso debo cuidarte.""ü´Ç",1,Negativo,-0.296
"Boff... Lo m√°s sencillo ser√≠a decirle de ponerle con el gym un poco antes y relajado y as√≠ joya.


Tambi√©n podr√≠a buscar las fechas y horas de alg√∫n shit pin rugpull pa hacerme rico (o n√∫mero de loter√≠a... O almanaque deportivo...)",1,Negativo,-0.5574
"Ni√±o, vas a flipar.",1,Neutral,0.0
"Alejate de ella, no esperes a que ella lo haga",1,Negativo,-0.296
"""Tranqui. Vas a estar bien""",1,Neutral,0.0
Tienes ya lo q necesitabas en unos a√±os solo no debes desmotivarte,1,Negativo,-0.296
Felicidades por tu perseverancia has llegado muy lejos sientete orgullosa de que lograste en el futuro te esta siendo compensado.,1,Neutral,0.0
hola,1,Neutral,0.0
Encuentra otra forma de desahogarte que no sea el chupe,1,Negativo,-0.296
Las cosas van a empeorar jajaja,1,Neutral,0.0
"Si crees que va a mejorar, ¬°no lo har√°! Que te jodan.",1,Neutral,0.0
Juan deja la paja.,1,Neutral,0.0
Quiero volver hace tres a√±os y decirle c√≥mo me encuentro ahora...,1,Neutral,0.0
Llenate todo lo posible de bitcoin y cuando llegue a 95k vende.,1,Neutral,0.0
Coje el avi√≥n e no mires patras...,1,Negativo,-0.296
"Mira reverendo imb√©cil, ponte a estudiar deja de hacer el idiota",1,Neutral,0.0
"Al√©jate de esa loca, te va a terminar despu√©s de 2 a√±os, se va a meter con su ""Mejor Amigo"" y la van a botar al mes, luego te va a estar acosando y saliendo te hasta en la Sopa....",1,Neutral,0.0
"Gracias por aprender cosas nuevas , siempre debes tener nuevas experiencias. Para que cuando seas abuelo cuentas grandes historias a tus nietos.",1,Neutral,0.0
Compra acciones NVIDIA,1,Neutral,0.0
"deja de perdonar a ese desgraciado, nunca te quiso en un primer lugar",1,Neutral,0.0
Pendejo,1,Neutral,0.0
"Das asco de ver y no te haces el boludo, sos uno",1,Negativo,-0.296
"Deja tu tristeza y hazte fuerte, no hay lugar para los d√©biles.",1,Negativo,-0.296
Hola,1,Neutral,0.0
Compr√° bitcoins. (V√°lido para cualquier a√±o desde que se cre√≥ bitcoins),1,Neutral,0.0
"Todo esta mejor y lograr√°s ser feliz, tente paciencia y sobre todo amor",1,Positivo,0.6124
A√∫n est√°s a tiempo si la convivencia no funciona no te lastimes mas,1,Negativo,-0.5267
"Levante todo y vaya, que sos m√°s picante en soledad",1,Neutral,0.0
Pendejo,1,Neutral,0.0
"Conf√≠a en ti, eres tu propio respaldo",1,Neutral,0.0
"Hecha a tu amigo de la pega, fue un error",1,Negativo,-0.4019
"Todo va a estar bien, lograr√°s superar tu depresi√≥n y har√°s que todo duela menos.",1,Neutral,0.0
pasar m√°s tiempo con mi  hermano y hablarnos y dejar de estar peleados se muri√≥ y as√≠ quedamos a√±os sin hablarnos me arrepiento much√≠simo lo extra√±o.,1,Negativo,-0.5574
No te cojas a ese gato,1,Negativo,-0.296
Mete el 100% de tus ahorros en Nvidia y vendelo todo la primera semana de noviembre del 2024,1,Neutral,0.0
Pu√±etes sal de ahi,1,Neutral,0.0
Se amable con ella no le digas nada intenta ser su amiga no la espantes y cuando la conozcas nunca le digas eso que piensas.,1,Negativo,-0.5267
Yo le pegar√≠a una madriza,1,Neutral,0.0
A donde vas seguir√°s aprendiendo...,1,Neutral,0.0
"Nena vos seguiras siendo bonita y adorable, solo estudia mas y no te preocupes que papa siempre estara bien",1,Positivo,0.25
Ponte a hacer ejercicios y cons√≠guete esa muchacha de octavo que es m√°s bonita que todas las otras en la escuela y deja de tener miedo esc√©nico,1,Neutral,0.0
no vayas a esos 15s y te pongas de novia con ese pelotudo q te arruino todo,1,Negativo,-0.296
Como estas wey (pero tqm),1,Neutral,0.0
Idiota,1,Neutral,0.0
No gastes tu tiempo. No te divorcies. Disfruta lo mucho mucho que tenes.,1,Negativo,-0.5267
Compra criptos weee,1,Neutral,0.0
COMPRA BITCOIN HDP,1,Neutral,0.0
"Recuerda q no siempre tienes q ser el que tiene que aceptar y comprender todo, tambi√©n tienes derecho a enojarte",1,Negativo,-0.296
"Valiste verga, te cerraron la universidad, no te preocupes por otras estupideces. Y has ejercicio",1,Negativo,-0.296
que no debi dejar que cualquiera  me ame,1,Negativo,-0.296
"La vida es dura, pero m√°s dura tu verdura üçÜ",1,Neutral,0.0
Folla mientras puedas,1,Neutral,0.0
Baboso.,1,Neutral,0.0
"Entrena pesado y al fallo y sal de ah√≠, mereces m√°s",1,Neutral,0.0
"""No te cuesta nada preguntarle a la maestra por Whatsapp.""",1,Negativo,-0.296
Todo va a mejorar!,1,Neutral,0.0
idiota,1,Neutral,0.0
"""no seas caprichosa con el""",1,Negativo,-0.296
Chupapi mu√±a√±o.,1,Neutral,0.0
"Yo de 16: adivina, consegu√≠ novia

                                                                                                     Yo de 13:jodeme¬øY que vas so√±aste?",0,Neutral,0.0
Todo.. tiene un aprendizaje para bien o para mal,10,Neutral,0.0
Y adem√°s me dar√≠a una cachetada al estilo do√±a Florinda..,1,Neutral,0.0
X2,1,Neutral,0.0
Lo mismo pense!,1,Neutral,0.0
Creo que basto una palabra tan sencilla para describir üòÇüòÇ,1,Neutral,0.0
"Pues si, pendejo",1,Neutral,0.0
Brutal,10,Negativo,-0.6249
¬øQue?,8,Neutral,0.0
"Esta bien tener secretos, sabes?",5,Neutral,0.0
Kh√©?,2,Neutral,0.0
Te ganaron los pensamientos intrusivos ü§£,2,Neutral,0.0
Ora,1,Neutral,0.0
JAJJAJA LA GENTE,1,Neutral,0.0
Jajaja no te da bola,3,Negativo,-0.296
X2,2,Neutral,0.0
"Te lo dec√≠an tus padres, sab√≠as que ten√≠an raz√≥n y a√∫n as√≠ no ll hiciste, por qu√© crees que te ibas a hacer caso al tu del futuro?.
(Por lo menos en mi caso creo que har√≠a eso que dije).",2,Negativo,-0.296
Uf hermano. Hijo de puta. Estaba teniendo un buen d√≠a.,14,Neutral,0.0
Me desbloqueaste un Trauma que cre√≠a ten√≠a bien gestionado. (Justo en el Trabajo),6,Negativo,-0.4215
ü•∫ü•∫ü•∫ momentos tristes... Que Jam√°s  se olvidar√°n,4,Neutral,0.0
Somos dos,5,Neutral,0.0
Joder‚Ä¶,3,Neutral,0.0
Auch... El m√≠o muri√≥ hace muy poco.,1,Neutral,0.0
En la misma. Ahora se echa de menos. Cuando pensaba que ten√≠a m√°s tiempo.,1,Neutral,0.0
"Siempre intento compartir mucho tiempo con mi familia like sin importar cu√°nta tarea ten√≠a ni que tan pesada estuviera o este la chamba siempre trato, pero al final se que nunca ser√° suficiente",1,Negativo,-0.2732
Importante esto.,8,Neutral,0.0
Deja el lol,3,Positivo,0.4215
Ten mas tiempo de calidad paratus hijos y mas amor porque no les van A durar tod√° la vida,1,Positivo,0.4215
"Ay dios, la primera parte me hizo replantearme el mensaje",4,Neutral,0.0
"No lo hagas por ninguna mujer, hazlo por ti, a√∫n est√°s a tiempo, cada d√≠a es una nueva oportunidad para volver a empezar.",1,Negativo,-0.296
"Si una mujer te ama a pesar de ser mediocre, ¬øvale la pena?

Le he dicho a mi mujer: ‚ÄúSi me ves siendo menos de lo que deber√≠a ser, mot√≠vame. Si no te hago caso, d√©jame. Mereces m√°s‚Äù.",1,Neutral,0.0
"Malo, pero adictivo... ü•¥",5,Neutral,0.0
",üëèüëèüëèüëè",1,Neutral,0.0
"Yo le dir√≠a a mi yo del pasado que mejor no estudie programaci√≥n, pero no es porque sea mala la programaci√≥n, solo no me ha ido bien ni un solo d√≠a. Nunca consegu√≠ trabajo, y ahora que inici√© mi emprendimiento en algo mucho m√°s sencillo, haciendo p√°ginas web (yo hago backend realmente), no he conseguido ni una sola respuesta de todos los prospectos que he contactado ni de toda la publicidad que he hecho. 

Lo de no pensar en parejas est√° muy buen. Eso se busca cuando ya est√°s bien (que en mi caso no s√© cu√°ndo ser√° xD)",1,Negativo,-0.765
"Literalmente.

Compra, se va a hacer aun m√°s rentable pero sin calentarte.",3,Negativo,-0.5574
"Yo quiero aprender a comprar o ese rollo en general , me ense√±an",1,Neutral,0.0
Recuerdo cuando val√≠a 10 d√≥lares reci√©n por ah√≠ aproximadamente ü§ß,1,Neutral,0.0
No we eso era desde el 2012 necesitas 10 a√±os m√°s atr√°s para aplicar ü´†,1,Negativo,-0.296
Recuerda !!! Que no todo es para siempre,1,Negativo,-0.4724
Carajo este si me peg√≥ recio,1,Neutral,0.0
"Le diria que corte vinculo con todo el mundo.
hoy 2025 estas en la ruina por poner a los demas por sobre ti y todo se fue al demonio.",1,Neutral,0.0
Esto es tan tan cierto,1,Neutral,0.0
"Se oye que hay una historia interesante detr√°s, que paso?",1,Neutral,0.0
Storytime si no te molesta üòî,1,Negativo,-0.296
Re abusivo con su yo del pasado jajaja,2,Neutral,0.0
Cuando el amor termina el hambre sale por la puerta,2,Positivo,0.6124
Yo ese xdddd,1,Neutral,0.0
"Por eso siempre pregunto algunas veces qued√≥ como pendejo otras follo para m√≠ es un precio justo 
""Me est√°s tirando la onda?""",1,Neutral,0.0
Jajajaja X2,1,Neutral,0.0
ü§£ü§£ü§£x2,2,Neutral,0.0
"X2
""Ahora que no est√° tan jodido puedes irte feliz""",1,Negativo,-0.296
Desgraciadamente buen consejo,2,Neutral,0.0
No siempre los cambios son tan buenos ... Pero todo te deja un aprendizaje,1,Negativo,-0.296
yo esa,1,Neutral,0.0
Todo pasa !!!  Nada es para siempre,1,Neutral,0.0
Ufff desde la maestr√≠a,1,Neutral,0.0
Jajaja pero ni es tan largo ese juego como para acaparar a√±os de vida,1,Neutral,0.0
O tambi√©n: me tienes harto hijo de la verga siempre lo mismo contigo de lol de que fortnite ya wey c√°llate espantas a las viejas,1,Positivo,0.4215
y la que te gusta te va a rachazar,1,Neutral,0.0
Junto a: aprovecha cada bendito minuto junto a  tu padre,1,Neutral,0.0
Jajaja x2,1,Neutral,0.0
Recuerda que todo es ef√≠mero.,3,Neutral,0.0
"Le dir√≠a ""aunque te d√© miedo hablarle sue√±a con que la beses. Hablale tranki.y se te va a dar. Es por ah√≠"". (V√°lido para decirle tambi√©n a mi yo de hace tres meses, tres d√≠as y tres horas)",1,Neutral,0.0
"No s√©, tal vez me vecomo vagabundo y le echa ganas",1,Negativo,-0.296
Son locas en la cama y siempre tienen ganasüòÇ,6,Neutral,0.0
"Yo normalmente aprenderia a programar porque me gusta, no solo por trabajo, sin embargo entiendo tu punto",1,Negativo,-0.7003
"Te recomiendo ver videos, pero no puedo darte uno espec√≠fico, hay muchos que te explican c√≥mo funciona la din√°mica. Y, no conf√≠es en los v√≠deos que te recomiendan X criptomoneda (o sea, que te digan una en espec√≠fico para que compres).

Y, compra suave (es decir, no gastes demasiado), es una manera de aprender y al mismo tiempo te puedes sacar algo si ganas, y si no, revisa por qu√© no ganaste.

Y lo m√°s importante, mira noticias relacionadas con las cripto, usualmente hay canales que son informativos en cuanto a eso, pero muchos en ingl√©s.",1,Negativo,-0.7184
"M√°s bien es cuando el dinero falta el amor sale por la puerta, no?",3,Positivo,0.4215
Si sobretodo que ahora estoy cesante y no encuentro trabajo #aiuda #halp jaja,1,Negativo,-0.296
Y un segundo bien usado se convierte en eterno,1,Neutral,0.0
Oiga. UD si que sabe,1,Neutral,0.0
Lol,1,Positivo,0.4215
"Cuando la pobreza entra por la puerta, el amor salta por la ventana ü™ü",1,Positivo,0.6124
