T√≠tulo,Texto,Upvotes,Comentarios,Sentimiento,Puntaje Sentimiento
"El d√≠a de hoy pasar√° a la historia como el momento en que un impresentable, con su mono de feria, le hicieron una encerrona a un presidente que lucha contra la mayor amenaza que asola Europa...",,1513,512,Neutral,0.0
"Asi despide en redes sociales el hermano del delincuente menor de edad que fue baleado por un Polic√≠a de la Ciudad en Isidro Casanova el dia de ayer cuando 3 delincuentes intentaron robarle la moto.
¬øC√≥mo llegamos a esto loco?",,1311,735,Neutral,0.0
Por primera vez en la historia manifestantes irrumpen en el piso del Senado de M√©xico,,3037,443,Neutral,0.0
Respuesta de Claudia Sheinbaum a Donald Trump por el tema de los aranceles,,1398,422,Neutral,0.0
"Activista extranjero causa destrozos e intimida a empleada en una cafeter√≠a de M√©rida, molesto por el volumen de la m√∫sica en el local.",,1337,355,Neutral,0.0
¬øPor qu√© no aceptan el racismo de Tolkien?,"El tema del racismo en Tolkien es algo que, por alguna raz√≥n, llega a molestar a la mayor√≠a de sus fans de Tolkien.

Siempre te van a sacar miles de excusas, como la historia (de dudosa credibilidad) de la carta que Tolkien envi√≥ a una editorial alemana o que es ""un anglo con piensamientos de su √©poca"" (cosa es literalmente un racista)

Vamos, hasta los fans de Harry Potter aceptan que JK Rowling es tr√°nsfoba y racista. ",1172,408,Positivo,0.1111
"El d√≠a de hoy pasar√° a la historia como el momento en que un impresentable, con su mono de feria, le hicieron una encerrona a un presidente que lucha contra la mayor amenaza que asola Europa...",,967,558,Neutral,0.0
"Se ve a migrantes en el lado mexicano del cruce fronterizo de Ciudad Ju√°rez llorando, luego de que se les acaba de notificar que el ‚ÄúCBP One‚Äù creado por la Administraci√≥n Biden para programar citas y audiencias, ha recibido la orden de cerrar de inmediato; y todas las citas programadas canceladas. ",,1200,514,Positivo,0.34
Si no fuera por las mujeres los hombres vivir√≠an as√≠ hasta el fin de los tiempos. ,,1490,280,Negativo,-0.296
¬øPor que mucha gente trabajadora en Mexico se considera que se ve de menos cuando le recomiendas usar equipo de seguridad? ¬øPor que somos tan acomplejados?,"Eso cre√≠a yo antes, pero maduras y te das cuenta que no existe nada importante m√°s que cuidarse a uno mismo",1735,488,Negativo,-0.3736
Cu√°l es tu edad y tu problema PRINCIPAL el d√≠a de hoy?,"Sea de d√≥nde seas, cu√°l es el problema que cuando te vas a dormir todav√≠a lo ten√©s en la cabeza dando vueltas.

Y la edad para saber si la vida est√° siendo justo con vos al tiempo que vas vivo.

Capaz alguien ofrece una soluci√≥n y podes ahorrarte varios quilombos.

PD: si no les jode, pongan su famoso arribavoto para que m√°s gente coment√© su experiencia.

#Edit:
#Gracias a los que comentan y a los que est√°n dispuestos a ayudar a otros, c√≥mo buena acci√≥n del d√≠a est√° m√°s que bien para ayudar al que menos tiene o arrimar una posible soluci√≥n al problema, es humano.
-

Le√≠ al menos el 85% de lo que dejaron y si, el tema econ√≥mico es bastante jodido
-
Dicho esto, el pr√≥ximo post veo si lo oriento a este lado para ver qu√© podemos hacer entre todos.",785,1459,Negativo,-0.296
"""Todo acto de violencia ser√° denunciado por sedici√≥n y atentado contra el orden constitucional""",,724,434,Neutral,0.0
Tomo 40 a√±os tomar est√° foto pero se logr√≥! Ahora que haya justicia por el asesinato de Camarena!,,1287,220,Neutral,0.0
"Asesinan a balazos a ‚ÄúEl Tibur√≥n Medina‚Äù, sujeto que en el 2023 se viralizo por atacar brutalmente a un joven en un Subway de #SLP. El ataque ocurri√≥ al exterior de su gimnasio en la colonia General I. Mart√≠nez",La nota completa aqu√≠: https://www.codigosanluis.com/ejecutan-tiburon-medina-subway/,2447,488,Neutral,0.0
"La Casa Blanca acusa al gobierno de M√©xico que hoy encabeza la presidenta Claudia Sheinbaum de tener ""intolerables alianzas"" con el crimen organizado.",,841,436,Neutral,0.0
Reprob√© el examen de conducir por esto,"Hoy en la ma√±ana di mi examen practico en Vi√±a del Mar para obtener la licencia b√°sica clase B, y en esta esquina comet√≠ mi √∫nica falta. 

Me detuve en la l√≠nea de detenci√≥n del suelo, que queda un poco m√°s adelante del disco pare y el instructor me reprob√≥ en el acto. Me dijo que deb√≠a detenerme frente al disco pare y no en la l√≠nea. Encima hay un auto estacionado ah√≠. Le pregunt√© si estaba mal detenerse en la l√≠nea del suelo y me dijo que s√≠, que la le√≠ dice frente al disco no en la l√≠nea de la calle.

Gente de reddit ¬øEsto realmente es as√≠? Seg√∫n yo si hay una l√≠nea de detenci√≥n en el suelo, ah√≠ es donde uno debe detenerse y no antes, sent√≠ bien sospechosa la reprobaci√≥n  la verdad. 

El evaluador no pudo anotar nada m√°s sobre mi conducci√≥n porque me preocupe de hacer todo bien: se√±alice bien, tuve cuidado con la velocidad, me estacion√© bien, hice caso a todas las se√±ales, etc.

Pero cuando estaba a punto de terminar el examen me mand√≥  a esta esquina y me reprob√≥ de inmediato. Lo sent√≠ medio forzado y me dej√≥ triste.",810,404,Negativo,-0.7783
Porque los mexicanos se indignan/enojan mas por lo que hacen los famosos o por el futbol que por los campos de exterminio que se han estado encontrando en el pais?,"Creo que la respuesta es que mis compatriotas son en su mayoria puro imbec√≠l. Pero pienso que es una respuesta simplista.    
  
Entonces, que pasa? Porque no causa esto tanta indignacion como por ejemplo la vida amorosa del cantante Cristian Nodal o el programa de tv de La casa de famosos?",750,290,Negativo,-0.4098
¬øPor qu√© no conviene hablar de m√°s en el laburo?,"El otro d√≠a vi un video en instagram (capas alguno lo vio, es un flaco cordobes caminando) que dec√≠a algo que me hizo ruido porque es 100% cierto:

>*‚ÄúSi sos nuevo en un trabajo o empez√°s ahora en estos d√≠as, te fue re bien en la entrevista, les ca√≠ste muy bien a tus empleadores... Bueno, ten√© en cuenta este consejo que te va a salvar: no hables de m√°s. No te largues a contarles nada a nadie all√° adentro. Cuando ya est√©s ah√≠, c√°llate, segu√≠ las instrucciones y fijate c√≥mo se mueve todo ah√≠. Si alguien te parece piola el primer d√≠a, no les des el Instagram, ni ninguna red social. Es m√°s, no las ten√©s. Hay que saber jugar el juego: escuchar, prestar atenci√≥n, mirar el entorno. Nada de contar sue√±os, proyectos, cosas que hac√©s. Nada, absolutamente nada.‚Äù*

Y posta que es as√≠. En los laburos la gente no es tu amiga, aunque al principio se te hagan los copados. Vos ca√©s en la buena onda, trat√°s de ser amable, pero al final te terminan usando o agarrando de gil. A la mayor√≠a le chupa un huevo qui√©n sos, lo que hac√©s o lo que te gusta. Cuanto menos sepan de vos, mejor.

Yo antes no le daba bola a esto, pensaba que era exagerado, pero con el tiempo me di cuenta de que en los laburos la mayor√≠a son carneros, alcahuetes o falsos. Si encontr√°s UNO que sea buena gente, con toda la suerte. Pero si no, te toca bancarte el ambiente sin confiar en nadie.

¬øQu√© opinan? ¬øA alguno le pas√≥ esto? ¬øMetieron la pata por hablar de m√°s? ¬øC√≥mo se manejan en los laburos? Los leo.",724,370,Negativo,-0.9593
"Hasta ahora, hay 112 denuncias penales en la Justicia Federal por el caso de la criptomoneda promocionada por Javier Milei",,483,650,Neutral,0.0
"As√≠ duermen los pacientes en el Hospital Durand porque no andan los aires acondicionados. Las temperaturas en las habitaciones son de entre 35 y 40 ¬∞C. Trabajadores denuncian que no hay inversi√≥n, controles, ni mantenimiento de los equipos. S√≠ funciona el aire en el quir√≥fano.",,1015,230,Negativo,-0.5267
"r/worldnews elimina la nota de La Naci√≥n que informa sobre las cifras oficiales de pobreza publicadas por el INDEC y lo reetiqueta como ""Opini√≥n/An√°lisis"".",,810,193,Neutral,0.0
El doble est√°ndar de hoy,,1748,239,Neutral,0.0
"Un d√≠a como hoy, aparec√≠a muerto en su departamento el fiscal encargado de la UFI-AMIA. Quiz√°s el fiscal con la tarea m√°s importante despu√©s de Strassera. ¬øQue estabas haciendo cuando te lleg√≥ la noticia de su aparici√≥n sin vida?",,783,303,Negativo,-0.5574
"Un menor de edad fue hostigado por el chofer y el cobrador de la Ruta 16 en San Rafael Ixtapalucan, Tlahuapan. En el video se observa c√≥mo lo molestan hasta hacerlo llorar y subirlo a la combi.",,819,232,Neutral,0.0
Miren como frenaban las valijas hoy los delincuentes de Intercargo.  El pais con mas hdp por m2 del planeta.,,1300,279,Neutral,0.0
¬øPor qu√© razones el gobierno de M√©xico no quiere cerrar la frontera sur?,,831,361,Negativo,-0.296
"Ahora que se est√° viralizando el cagazo de Milei, les quisiera recordar que hace 3 a√±os, la estafa ""Magenta Capital"" fue promocionada por el Diputado Johannes Kaiser. Hoy, su fundador, Sebasti√°n Hoppe, est√° formalizado por los delitos de apropiaci√≥n indebida y estafa",,1008,172,Neutral,0.0
Una piba tiene la entrega de diploma el s√°bado a las 15 y el padre no quiere ir por el Argentina M√©xico,,2431,915,Negativo,-0.296
Que extra√±an de m√©xico antes de que fuese controlado por el narco?,"Estoy pensando en las cosas que quisiera de regreso y en lo que nos ha hecho cambiar nuestra manera de actuar y pensar antes que llegara el narco, ¬øqu√© extra√±an ustedes?",359,451,Positivo,0.4137
Juntan firmas para cambiar la imagen de Evita por la de Lionel Messi en el Ministerio de Desarrollo Social,,4057,378,Neutral,0.0
"¬øPor qu√© existe el estereotipo de que los ""zurdos/izquierdistas"" defienden a los criminales?",Es verdad o no?,491,279,Negativo,-0.3736
"2 horas y media retenidos en el avi√≥n por decisi√≥n de gremialistas, para usarnos en su negociaci√≥n. Nos quejamos y nos dejaron salir, pero el equipaje en 4horas",,1041,236,Neutral,0.0
"Un hombre se queja por el aumento de su factura de luz, pero cuando la c√°mara muestra la factura, revela un consumo de 2733 kWh.",,787,426,Neutral,0.0
As√≠ esta el congreso. Cuando gobiernan los K por 4 a√±os: üí§ 11 d√≠as de Milei: ü§¨,,1009,1139,Neutral,0.0
‚ÄúYo vote por Boric y desde que vote por usted compa√±ero me ha ido como el ‚Äî‚Äî‚Äî‚Äú,"Entrevista el de un matinal

Yo no vote por Boric y le encuentro raz√≥n igual ",475,277,Positivo,0.0516
"Apareci√≥ otro firulais encerrado en un auto, fue rescatado por la Polic√≠a de la Ciudad y el due√±o termin√≥ notificado por infracci√≥n a la ley de maltrato animal
",,1109,163,Neutral,0.0
"La Fiscalia de NL informa la detenci√≥n de *CHRISTIAN ""N""* realizada el d√≠a de hoy por detectives de la Agencia Estatal de Investigaciones, quien era buscado por los por hechos de la agresi√≥n a una persona de sexo femenino ocurridos en Tamaulipas.","Irving Barrios Mojica, titular de la Fiscal√≠a General de Justicia (FGJ) de Tamaulipas, inform√≥ que Christian de Jes√∫s ‚ÄòN‚Äô, el joven de 24 a√±os de edad buscado por agredir en una fiesta de Halloween a Melanie Barrag√°n, su entonces pareja sentimental, fue detenido en Nuevo Le√≥n.

Nota completa: https://www.infobae.com/mexico/2024/12/06/detienen-a-christian-n-presunto-agresor-de-melanie-barragan-en-nuevo-leon-no-habra-impunidad/",924,212,Positivo,0.6597
Hoy supe que matrimonio de plata mienten en el fuas para que a su hijo le den gratuidad ,"Me da una lata, hoy supe que un matrimonio (ambos ingenieros) est√°n cuenteando en el fuas para que al hijo le den gratuidad. 
Inventaron que echaron de la casa al hijo y que vive allegado en la misma casa porque no tiene donde irse. Y lo hacen para que le den gratuidad. Ademas, se ir√°n de vacaciones a Europa. O sea, sus vacaciones pretenden que sean pagadas con la gratuidad. Les dije que eran carepalo y se enojaron. 
Era para desahogarme, gracias por leer",701,309,Negativo,-0.296
"Bravuc√≥n longboardista circulaba por el medio de la calle, discuti√≥ con una chica y le golpe√≥ el auto",,1217,545,Neutral,0.0
¬°Feliz cumple mi querida Fabiola! Hoy 14 de julio se cumplen 4 a√±os de la foto que marc√≥ un antes y un despues en el gobierno de Alberto Fernandez,,1450,211,Neutral,0.0
"El Gobierno denunciar√° al titular de la OMS, Tedros Adhanom, ante los tribunales internacionales por ""delito de lesa humanidad"".",,366,428,Neutral,0.0
El Senado rechaz√≥ crear una comisi√≥n investigadora por el caso de la criptomoneda $LIBRA,,423,318,Neutral,0.0
"Manuel Adorni: ""Hasta hoy la gran mayor√≠a de los presos de Argentina cobraban un salario por estar en la c√°rcel. Ahora va a ser al rev√©s: todos van a tener que trabajar.""",,905,240,Neutral,0.0
"üõë Por qu√© no hay nadie movilizandose y exigiendo respuestas en las calles por el tema de Teuchitl√°n, el rancho Izaguirre y las escuelas del terror y de exterminio?!","Es incre√≠ble que no haya una respuesta ciudadana masiva ante esto. Estamos hablando de personas inocentes que, en busca de trabajo, son secuestradas, torturadas y obligadas a convertirse en sicarios‚Ä¶ o ser asesinadas, trata de blancas y hasta casos de pedofilia y canibalismo

Lo peor es que el Estado sigue aplicando su cl√°sico: ""lo estamos revisando"", o peor a√∫n, convierten el tema en un juego pol√≠tico: que si no ocurri√≥ en su mandato, que si la culpa es de AMLO, que si de Alfaro... ¬°Eso es completamente irrelevante!

Nos vale madres su maldita perspectiva p√∫blica. Lo que queremos son respuestas. Respuestas claras, directas y contundentes sobre la evidente colusi√≥n del crimen organizado con el gobierno.

Mientras tanto, las autoridades solo esperan que la indignaci√≥n se apague y que la gente se olvide, como si esto fuera algo que se puede ignorar. ¬°Es una locura que se maneje as√≠!

Este no es un tema menor ni algo que pueda dejarse pasar. Aqu√≠ hay un objetivo claro y concreto:
Exigir respuestas inmediatas del Estado.
Exigir explicaciones sobre la evidente complicidad con el crimen organizado.
Exigir quien es responsable por parte del gobierno 

No se trata de marchar por marchar. Esta es una causa con un prop√≥sito claro y urgente. No puedo entender c√≥mo no estamos ya en las calles exigiendo justicia.

La mayor√≠a de las marchas que se hacen no tienen objetivos concretos ni pies ni cabeza... ¬°Esto s√≠ lo tiene!

C√≥mo es posible que haya tanta indiferencia ante algo tan grave!!?

Hasta dir√≠a que es un tema m√°s grave que Ayotzinapa ",490,221,Negativo,-0.9688
Auditorias: En 2018 la Universidad Madres de Plaza de Mayo recibi√≥ un inmueble para fines educativos por parte del Estado. Hoy descubren que fue convertido en un boliche clandestino.,,1092,161,Neutral,0.0
¬øPor qu√© el Mexicano promedio/pocho/chicano compra este tipo de camionetas en USA?,"Me he dado cuenta que los Mexicanos que viven en USA (pochos, chicanos, etc) tienen esa mentalidad de ""tener una camioneta Lobo, F250, Silverado es tener sin√≥nimo de √©xito""
.
.
¬øDe d√≥nde naci√≥ esta cultura o est√° creencia de este tipo de gente? ¬øQue han visto ustedes?",336,280,Neutral,0.0
"En Palacio Nacional se ofrecen detalles de ‚ÄòOLINIA‚Äô la primera armadora mexicana de mini veh√≠culos el√©ctricos encabezada por el Gobierno federal, el IPN y el Tecnol√≥gico Nacional de M√©xico.",,466,325,Neutral,0.0
"para los que preguntan por las demoras en correo argentino, me retuvieron 1 mes dos paquetes  en el centro de distribuci√≥n, el cual est√° a 6 cuadras, sin la posibilidad de retirarlo presencialmente. Juntando las otras demoras tradicionales de este medio, cumpl√≠ mi record de espera, 132 d√≠as.",,545,169,Negativo,-0.5574
La triste realidad de Argentina hoy. El resto es sarasa. ,,315,468,Neutral,0.0
"El cartel de los taxistas en Canc√∫n no comenz√≥ hoy, ni ayer, tampoco le ocurri√≥ solo a Luisito Comunica. Esta red de CO lleva a√±os de denuncias en el estado, no solo ten√≠a que hacerse viral para actuar, realmente es grave el manejo de los servicios y costos, ademas de la violencia que ejercen. ",,1099,118,Negativo,-0.7184
¬øPor qu√© a las mujeres solteras de 30 les molesta que los hombres de su edad tengan relaciones estables con mujeres j√≥venes de 20? ¬øPor qu√© el hombre de 30 tiene que pasarse la vida esperando a que las de su edad maduren para reci√©n tener una relaci√≥n estable? ¬øPor qu√© limitarse en sus opciones?,,163,482,Neutral,0.0
"Soldados libaneses ondeando la bandera de Espa√±a tras invadir una colina controlada por el ISIS el 19 de Agosto de 2017, 2 d√≠as despu√©s de los ataques terroristas en Las Ramblas y Cambrils",,753,268,Neutral,0.0
"Despues del intento de cancelacion por parte de la militancia K a la pizzeria El Cuartito porque le hicieron honores a la vicepresidenta, asi estaba ayer, 150m de fila para entrar.",,1168,170,Neutral,0.0
¬øExperiencias de Mexicanos en el extranjero/gabacho por los sueldos bajos de Mexico?,,1757,515,Neutral,0.0
Primer d√≠a de clases en el interior de Formosa - foto real de hoy antes que pregunten,,1346,273,Neutral,0.0
"Ministro Francos al diputado Del Ca√±o: ""Usted no representa a los trabajadores, esos son 14 millones. El d√≠a que usted tenga 14 millones de votos, ese d√≠a va a ser Presidente de la Rep√∫blica""",,1336,316,Negativo,-0.296
¬øPor qu√© lo echaron a Ramiro Marra de La Libertad Avanza? El Presto cont√≥ los motivos,,395,285,Neutral,0.0
Conocen a alg√∫n votante de Milei que le haya soltado la mano por el tema crypto?,Porque en las redes/media dicen que es la gota que rebals√≥ el vaso pero todos los votantes de Milei que conozco irl dicen que les chupa un huevo. Como la ven?,132,773,Neutral,0.0
"La econom√≠a de Argentina vuela: el PIB se dispara un 5,7% anualizado y el consumo se recupera por completo.",,198,386,Neutral,0.0
La mayor√≠a de los argentinos creen que el pa√≠s va por buen camino.,"Seg√∫n una encuesta, solo el 37% de los argentinos creen que el pa√≠s va por mal camino.",628,187,Neutral,0.0
"Genaro Garc√≠a Luna, exsecretario de Seguridad P√∫blica, es sentenciado a m√°s de 38 a√±os en prisi√≥n por cinco cargos relacionados con el narcotr√°fico.",,887,189,Neutral,0.0
#UltimaHora Desde el primer minuto de este martes @Telmex / #Triara le cort√≥ a @SEGOB_mx los servicios de correo electr√≥nico por exceso de pago. Debe casi 64 millones de pesos. No pagan desde enero.,,1007,179,Negativo,-0.296
perd√≥n por no estar activo estube en el acontecimiento de sonora M√©xico d√≥nde se logr√≥ capturar a un malandro grande ofrecieron 10M al teniente por dejarlo libre a√∫n as√≠ no pudieron tan solo √©ramos 12 de infanter√≠a contra 34 tuvimos una muerte por parte de nosotros y los dem√°s fueron abatidos √°nimo!,,2358,366,Negativo,-0.5707
Moreno: La polic√≠a de Kicillof le rompi√≥ la cara de un piedrazo a un periodista que cubr√≠a las protestas por el repartidor asesinado,,590,177,Neutral,0.0
La desesperaci√≥n de una conductora que qued√≥ varada dentro de su veh√≠culo por el temporal en Bahia Blanca,,316,264,Neutral,0.0
¬øVer√≠ais correcto limitar el n√∫mero de viviendas por persona?,"En Espa√±a no paran de subir los precios de las viviendas, y no es algo que vaya a frenarse de aqu√≠ a poco.
La situaci√≥n para adquirir vivienda es muy complicada y m√°s si no se tiene pareja.
Os pongo en situaci√≥n para poder valorar la pregunta.

Yo gestiono hipotecas y cada d√≠a veo m√°s gente ya con vivienda habitual y funcionarios que se aprovechan, compran casas de ""bajo"" importe para alquilar y sacar un rendimiento alto por ese arrendamiento, lo que hace que queden menos viviendas a precios bajos para poder comprar.

¬øVer√≠ais normal que se limitase el l√≠mite de viviendas por persona a 3? Un matrimonio por ejemplo que como tope tenga 6 viviendas.

(Dir√≠ais que es demasiado, pero os sorprenderia la cantidad de personas que tienen m√°s de 5 viviendas en alquiler)

Eso y que a los extranjeros que quieren hacer lo mismo tengan al menos un B1 de espa√±ol
Ya que tributan sus ingresos fuera de Espa√±a para luego sacar rentabilidad de espa√±oles.",210,321,Negativo,-0.7149
"La Polic√≠a de Santa Clara en EE.UU arrest√≥ a Alejandro Garc√≠a Villanueva, de 29 a√±os, por apu√±alar a un aficionado durante el juego entre M√©xico y Qatar en el Levi's Stadium.",,1587,332,Neutral,0.0
El Polo Islamico llev√≥ hoy la bandera Palestina üáµüá∏ m√°s grande de la historia.,,706,261,Neutral,0.0
ISRAEL USURPA LA ARGENTINA: Cambian el nombre de la calle Palestina por el nombre de dos ciudadanos israel√≠es,"La organizaci√≥n sionista Google, a pedido del sionismo argentino, cambi√≥ el nombre de la calle sin ning√∫n motivo. Grav√≠simo.",286,246,Negativo,-0.5574
"@CFKArgentina
 Yo s√© que vos de econom√≠a no entendes mucho, demostrado por el hecho de que te rodeaste de analfabetos anum√©ricos que destruyeron el pa√≠s con su chamanismo econ√≥mico, pero si quer√©s aprender un poco prende la tele hoy a las 19hs que voy a estar d√°ndote una clase particular ad honore",,622,309,Negativo,-0.296
"Boxeadora mexicana denuncia al equipo femenino de softbol, el cual dej√≥ tirado el uniforme mexicano en la basura en la Villa Ol√≠mpica.",,2179,706,Neutral,0.0
¬øPor qu√© Argentina adopta el huso horario GMT-3 en lugar de GMT-4?,,492,230,Neutral,0.0
¬øEs justo el sueldo de los vocales de mesa? 28 lucas por m√°s de 18 horas de trabajo.,"En Chile, el sueldo m√≠nimo es   $500.000 CLP, lo que equivale aproximadamente a $2.887 CLP por hora para un trabajador de jornada completa (40 horas semanales). Sin embargo, el pago que recibimos los vocales de mesa en elecciones es de $28.432 CLP por d√≠a, independientemente de la cantidad de horas trabajadas.

El primer d√≠a (s√°bado) trabaj√© 11.5 horas (entr√© a las 7:30 y sal√≠ como a las 19hras) lo que equivale a un pago de $2.473 CLP por hora, ya por debajo del m√≠nimo. Un trabajador normal por eso gana $428.617 pesos.  
  
 El domingo trabaj√© 18.5 horas (entr√© a las 7:30 y sal√≠ a las 2:00 del d√≠a siguiente), lo que significa que me pagaron solo $1.537 CLP por hora. Es como si me pagaran 266.208 CLP  
  
 En total, recibimos $56.864 CLP por ambos d√≠as($28.432 CLP por d√≠a), cuando, ajustado al sueldo m√≠nimo, deber√≠amos haber ganado alrededor de $86.611 CLP. ($33.201 CLP el s√°bado y $53.410 CLP el domingo)



Lo que es por m√≠, redactar√© algo para la segunda vuelta e imprimir√© documentos con esta informaci√≥n para pasarle a las otras mesas, y que me firmen y pedir contacto para hacer un grupo para alegar, puesto que no es la primera vez que saldremos vocales de mesas y por que puta encuentro injusto que les paguen 28 lucas por 18 horas de trabajo.

Haciendo el calculo si somos 200.070 vocales de mesa en todo Chile, el Estado se ahorra: $5.9.51.482.290 CLP en mano de obra barata. Mientras que pagarle a los politicos que les estuvimos contando los votos hasta las 2 de la ma√±ana tendr√°n sueldos millonario. (considerando que el calculo solo lo hice con el sueldo minimo de 500.000 CLP)

Ante esta diferencia significativa, ¬øcreen que los vocales de mesa deber√≠an recibir un pago acorde al sueldo m√≠nimo por las horas trabajadas? ¬øQu√© medidas podr√≠amos tomar para solicitar un cambio en las condiciones de pago de los vocales de mesa? ¬øAlguien ha experimentado lo mismo en otros pa√≠ses?   
  
¬°Me gustar√≠a escuchar opiniones, experiencias y posibles soluciones!",427,383,Negativo,-0.686
Romina Manguel indignada por qu√© el due√±o anterior de su auto le dio de baja al telepase.,Tiene que ser bait esto.,488,196,Neutral,0.0
"El curioso significado de ‚Äòahorita¬¥ en M√©xico, visto por un extranjero.","Siendo franc√©s y viviendo feliz en este bello pa√≠s, me acuerdo de que uno de mis primeros choques culturales en M√©xico fue aprender que ‚Äúahorita‚Äù no significa lo que parece.

Si alg√∫n extranjero que se quiere venir a vivir a M√©xico me lee, debe saber que el uso de ‚Äúahorita‚Äù no es solo un tema de lenguaje; es un reflejo de una filosof√≠a de vida. En Francia, si alguien dice que algo suceder√° en cinco minutos, esos cinco minutos son casi sagrados. La mitad de mi familia vive en Alemania y all√°, si tienes que estar a las 5PM, llegas a las 4.40PM üíÅ‚Äç‚ôÇÔ∏è En M√©xico, el tiempo tiene una cualidad m√°gica, maleable, que se adapta a las circunstancias, al humor del momento y, a veces, a la mera conveniencia de cada persona. Es una lecci√≥n de paciencia para cualquier extranjero que llega con expectativas de puntualidad estricta.

Pero hay algo ching√≥n (una de mis palabras favoritas aqu√≠) en eso : A lo largo de los a√±os, he aprendido a identificar las diferentes tonalidades de ‚Äúahorita‚Äù.

Por ejemplo:

‚ûñ Ahorita inmediato: Esto ocurre raramente, pero s√≠ existe. Debo tener no m√°s de 4 o 5 amigos que usan este ¬¥ahorita¬¥.

‚ûñ Ahorita, pero m√°s bien en un rato: Generalmente, significa que suceder√° despu√©s de que terminen algo m√°s importante, como encontrar las fuerzas suficientes para levantarse de la cama. Este ahorita puede durar de 30 minutos a varias horas.

‚ûñ Ahorita = nunca: Es un ahorita diplom√°tico, una forma educada de decir que no va a pasar nada pero no te lo quiere decir realmente. Lo importante aqu√≠ es el tono de voz y la falta de detalles adicionales, que te permiten entender que mejor busca de otro lado.

Como franc√©s que pas√≥ tiempo en Alemania en su juventud, adaptarme a esta percepci√≥n del tiempo ha sido uno de los mayores choques culturales de mi vida creo .. pero, siendo completamente sincero, tambi√©n ha sido una lecci√≥n valiosa : este ‚ÄúAhorita‚Äù me ense√±√≥ a relajarme, a aceptar que no todo tiene que suceder en el instante que lo espero y, sobre todo, a disfrutar del momento presente, y si algo tiene que pasar, pasar√° ( pero no ahorita ).

¬øA ustedes tambi√©n les paso?",783,144,Negativo,-0.7579
¬øAlguien de este sub me podr√° explicar por qu√© el √∫nico bloque que vot√≥ en contra de la boleta √∫nica de papel fue el Kirchnerismo?,,433,405,Neutral,0.0
"MEXICANOS DEPORTADOS POR TRUMP RECIBIR√ÅN TARJETA DE 2 MIL PESOS Y SER√ÅN INSCRITOS EN EL IMSS El gobierno de Sheinbaum present√≥ ""M√©xico te abraza"", la estrategia para recibir a los migrantes que sean deportados por Trump.","MEXICANOS DEPORTADOS POR TRUMP RECIBIR√ÅN TARJETA DE 2 MIL PESOS Y SER√ÅN INSCRITOS EN EL IMSS

El gobierno de Sheinbaum present√≥ ""M√©xico te abraza"", la estrategia para recibir a los migrantes que sean deportados por Trump.

Rosa Icela Rodr√≠guez anunci√≥ que cada persona repatriada recibir√° una Tarjeta Bienestar Paisano con 2 mil pesos para ayudarles a costear su traslado a casa.

Adem√°s, ser√°n inscritos en programas sociales como la pensi√≥n para adultos mayores, apoyos a madres trabajadoras y Sembrando Vida. 

Tambi√©n el IMSS los afiliar√° para que tengan acceso a atenci√≥n m√©dica, guarder√≠as y seguro de retiro.",340,281,Neutral,0.0
Por probabilidad alguna de las novias perder√° el beb√©,,1553,41,Neutral,0.0
El Se√±or de... ok! Mucho isekai por hoy,"Faltaron las versiones de Merry, Pippin y Boromir... no puedo imaginar a Sauron.",1001,71,Positivo,0.5848
Quien Ser√° el pr√≥ximo president@ de chile ? por qui√©n votaras ?!,,169,412,Neutral,0.0
"Tal d√≠a como hoy, hace 89 a√±os el Frente Popular gana las elecciones por ampli√≥ margen ante la incredulidad de las derechas","Ten√≠a resumido un ensayo sacado de las fuentes que proporciona David Cot en sus v√≠deos, pero como no quiero volver a correr riesgos de que se me llame plagiador por leer los mismos libros y sacar las mismas conclusiones pues dejo el v√≠deo citado en comentarios y por mi parte es la √∫ltima vez que tocar√© algo sobre la Espa√±a contempor√°nea e intentar√© traer mas cosas sobre la Uni√≥n Sovi√©tica.

Espero que tengan un agradable domingo.",427,187,Positivo,0.1531
Hoy da un poco m√°s de verg√ºenza ser espa√±ol. Cazar el lobo vuelve a ser legal.,"[https://elpais.com/clima-y-medio-ambiente/2025-03-20/el-congreso-aprueba-que-el-lobo-se-vuelva-a-cazar-al-norte-del-duero.html](https://elpais.com/clima-y-medio-ambiente/2025-03-20/el-congreso-aprueba-que-el-lobo-se-vuelva-a-cazar-al-norte-del-duero.html)

  
Los cazadores y asociaciones de caza diciendo que es bueno para el medioambiente, los ganaderos diciendo que sufren ataques a todas horas y a cualquier hora del d√≠a, todo el tiempo y los pol√≠ticos vendi√©ndose a cambio de votos r√°pidos.

Que asco.",315,201,Positivo,0.128
No entiendo el fanatismo por equipos de f√∫tbol,"O sea, entiendo el gusto por el f√∫tbol como por cualquier deporte, de hecho disfruto caleta ver f√∫tbol. Pero siempre he tenido la genuina pregunta de, cuando les gusta un equipo, qu√© les gusta? Es solo tradici√≥n familiar? Es seguimiento de la carrera de los jugadores? Es el ""concepto"" o los ""principios"" del equipo? (Si es que eso existe siquiera).

En mi familia m√°s cercana nunca han sido demasiado futboleros, pero tengo primos que, si pierde Colo-Colo, no comen, no se levantan, es literalmente un mini cuadro depresivo solo porque 11 compadres que no saben de su existencia perdieron un partido. 11 compadres que ni siquiera van a ser los mismos 11 compadres el a√±o que viene. No lo entiendo.

He escuchado muchas veces el argumento de ""mi abuelo era de [EQUIPO], √©l llevaba a mi pap√° al estadio y mi pap√° a m√≠. Por eso yo soy de [EQUIPO], est√° en mi familia "". Y creo que eso s√≠ lo entiendo, como panorama familiar heredado, pero... Siento que ese argumento se agota r√°pido como para defender al equipo en s√≠. Puede defender el gusto y el fanatismo, pero no s√© si al club como un todo?

Se suma a mi confusi√≥n el seguimiento religioso y casi chovinista por cada equipo. Hay gente en mi pega que se ha llevado bien por mucho tiempo hasta que se enteran de que son de equipos contrarios, y es como si algo se quebrara. No lo entiendo.

Tampoco entiendo el ensalzamiento del pasado de un equipo. Si un equipo logr√≥ algo importante hace 40 a√±os, fue el plantel de ESE a√±o el que lo logr√≥. ¬øHay realmente correlaci√≥n entre ese logro y la calidad del equipo hoy en d√≠a? ¬øTiene sentido usarlo de ""argumento"" para defender la elecci√≥n de tu equipo predilecto? No lo entiendo.

Hasta cierto punto entiendo a la gente de regi√≥n o de localidades que tienen sus propios equipos. Imagino que en esos sectores los equipos se arman, al menos en su inicio, y en mayor proporci√≥n que en equipos m√°s grandes, con gente local, gente que los hinchas (locales tambi√©n) probablemente hasta conocen personalmente. 

Y por √∫ltimo, si bien no s√© absolutamente nada al respecto, siento que el movimiento de los clubes es muy similar al de las empresas. En el papel suena l√≥gico que el club con m√°s plata puede comprarse mejores jugadores y por tanto (supuestamente) tener mejores resultados. E imagino que esa din√°mica data de m√°s atr√°s de lo que yo mismo creo. Entonces, es realmente la calidad del equipo? O es un pay to win? No lo entiendo.

As√≠ que les pregunto a ustedes. ¬øPor qu√© les gusta el equipo qu√© les gusta?  ¬øEs insignificante esta pregunta? Probablemente, puteenme de ser as√≠.

Feliz jueves",405,302,Negativo,-0.8992
"Taxista de Cdmx cobra 700 pesos despu√©s de un concierto en el Estadio GNP, por un trayecto de 5 minutos:",,833,85,Neutral,0.0
"No vote a Orsi pero, ¬øpor qu√© el resto de pa√≠ses bananeros creen tenerla m√°s clara que nosotros?",,274,443,Negativo,-0.296
"Cabo Guerrero: si por alguna casualidad est√°s por ac√°, aprovecha para buscar refugio en Paraguay. Mir√° que Bullrich tarde o temprano se va y vas en cana el resto de tu vida amigo",,181,297,Neutral,0.0
"Cambi√≥ de g√©nero cuando era menor, se arrepinti√≥ y volvi√≥ a tramitar el DNI de mujer: culp√≥ a sus padres por haberlo permitido",,454,508,Neutral,0.0
"Esc√°ndalo en el punk rock: el guitarrista de Flema banc√≥ a Milei en un pol√©mico video y lo echaron por ""diferencias pol√≠ticas irreconciliables""",,419,192,Neutral,0.0
"Ahora que se est√° viralizando el cagazo de Milei, les quisiera recordar que hace 3 a√±os, la estafa ""Magenta Capital"" fue promocionada por el Diputado Johannes Kaiser. Hoy, su fundador, Sebasti√°n Hoppe, est√° formalizado por los delitos de apropiaci√≥n indebida y estafa",,437,171,Neutral,0.0
"Mujer estadounidense compra un autentico vaso maya en una tienda de segunda mano por solo 4 d√≥lares, el precio del vaso en el mercado de antig√ºedades seria de varios miles de d√≥lares pero ella decidi√≥ repatriarlo a M√©xico. ",,1632,67,Neutral,0.0
Por qu√© a muchos hombres no les interesa el nivel econ√≥mico ni de estudios de sus parejas¬ø?,"Siempre he le√≠do en Internet a muchos hombres comentar que no tendr√≠an problemas con andar con la cajera del McDonalds y es respetable, cada qui√©n sus gustos, pero no deja de ser interesante el hecho de que muchos simplemente no les prestan atenci√≥n a su nivel econ√≥mico o de estudios. Caso contrario con las mujeres, pues un gran porcentaje si toma en cuenta esto al momento de elegir a sus parejas, sobretodo si es para una relaci√≥n seria y duradera. 

Tampoco quiero decir que no haya hombres que se fijen en lo anterior, como siempre,  habr√° excepciones. 

No obstante, me gustar√≠a leer sus opiniones al respecto.",245,355,Negativo,-0.8807
Hola @cfkargentina. Acabo de anular los aumentos de sueldo de todo el gabinete nacional. Ya que la vi tan preocupada por las jubilaciones ¬øqu√© le parece si le anulo los $ 14.000.000 que cobra usted de jubilaci√≥n de privilegio y le asigno una jubilaci√≥n m√≠nima? Estimo no va a quejarse. Saludos.,,843,305,Negativo,-0.296
Se diluye el poder de los piqueteros sin el manejo de los planes y arrinconados por denuncias: ya van 4 meses sin cortes de calles,,802,186,Negativo,-0.802
Terminaron los allanamientos: En una de la casa de los referentes se encontraron 50 millones de pesos divididos en D√≥lares y Euros. Se calcula que el robo por mes fue de 700 millones de pesos,,1028,198,Neutral,0.0
Cual es la raz√≥n de porque Colombia tiene tantisimos peajes por todo el pais?,,581,135,Neutral,0.0
"""Es que nadie mira tele"" JAJAJAAJA ac√©ptenlo muchachos, dejen de consumir encuestas falopa y admitan que la imagen de Milei est√° por el subsuelo",,233,247,Neutral,0.0
Habr√° acci√≥n legal en contra de las agresiones sufridas por los estudiantes en el incidente de Olona?,,184,264,Positivo,0.128
"Hoy hace CINCO (5) a√±os arrancaba la cuarentena en el pa√≠s, ¬øQu√© recuerdos ten√©s de aquel entonces?",,295,186,Neutral,0.0
"Al fin alguien lo dice, hay que cortar con el humo de una vez por todas",,668,120,Neutral,0.0
Se neg√≥ a pagar el peaje por el mal estado de la Ruta Nacional 14,,618,217,Neutral,0.0
